{
"type": "FeatureCollection",
"name": "veredas",
"crs": { "type": "name", "properties": { "name": "urn:ogc:def:crs:OGC:1.3:CRS84" } },
"xy_coordinate_resolution": 1e-06,
"features": [
{ "type": "Feature", "properties": { "vid": 1, "nombre": "Alto Caña Cafra" }, "geometry": { "type": "MultiPolygon", "coordinates": [ [ [ [ -73.500101, 2.542984 ], [ -73.338577, 2.543021 ], [ -73.358251, 2.474558 ], [ -73.373941, 2.484523 ], [ -73.385351, 2.492118 ], [ -73.385522, 2.491904 ], [ -73.386137, 2.492393 ], [ -73.408463, 2.486252 ], [ -73.408414, 2.484177 ], [ -73.408772, 2.479887 ], [ -73.409869, 2.478133 ], [ -73.41014, 2.476057 ], [ -73.409355, 2.473108 ], [ -73.410265, 2.469878 ], [ -73.41182, 2.467661 ], [ -73.413601, 2.464107 ], [ -73.411622, 2.460238 ], [ -73.41061, 2.458626 ], [ -73.409733, 2.455768 ], [ -73.410553, 2.452908 ], [ -73.41128, 2.449586 ], [ -73.411778, 2.44668 ], [ -73.414477, 2.443677 ], [ -73.414467, 2.438559 ], [ -73.41194, 2.435797 ], [ -73.408683, 2.434835 ], [ -73.406208, 2.435071 ], [ -73.404145, 2.435167 ], [ -73.405057, 2.432398 ], [ -73.406193, 2.427324 ], [ -73.408801, 2.42492 ], [ -73.410906, 2.422795 ], [ -73.411544, 2.420903 ], [ -73.412179, 2.417305 ], [ -73.411574, 2.412833 ], [ -73.411801, 2.411588 ], [ -73.412896, 2.408957 ], [ -73.412105, 2.403194 ], [ -73.408248, 2.400159 ], [ -73.40458, 2.399889 ], [ -73.400176, 2.398653 ], [ -73.397651, 2.396629 ], [ -73.396594, 2.395525 ], [ -73.394344, 2.393731 ], [ -73.391586, 2.390001 ], [ -73.386764, 2.38563 ], [ -73.385385, 2.383926 ], [ -73.384008, 2.383145 ], [ -73.383134, 2.381625 ], [ -73.381383, 2.377063 ], [ -73.38028, 2.375221 ], [ -73.377936, 2.372505 ], [ -73.376738, 2.36951 ], [ -73.375449, 2.366654 ], [ -73.374066, 2.36396 ], [ -73.368319, 2.365248 ], [ -73.370775, 2.364434 ], [ -73.3713, 2.36431 ], [ -73.372644, 2.364227 ], [ -73.373138, 2.364011 ], [ -73.374007, 2.363373 ], [ -73.374361, 2.362965 ], [ -73.374608, 2.362483 ], [ -73.374761, 2.361963 ], [ -73.374863, 2.360886 ], [ -73.37465, 2.357095 ], [ -73.374013, 2.352804 ], [ -73.374007, 2.350635 ], [ -73.37392, 2.34901 ], [ -73.373833, 2.348475 ], [ -73.373442, 2.347464 ], [ -73.373388, 2.346926 ], [ -73.374089, 2.342096 ], [ -73.374297, 2.339937 ], [ -73.374314, 2.338852 ], [ -73.374085, 2.336151 ], [ -73.374108, 2.333981 ], [ -73.374217, 2.332358 ], [ -73.374344, 2.33128 ], [ -73.374563, 2.330218 ], [ -73.374726, 2.329701 ], [ -73.375185, 2.32872 ], [ -73.37578, 2.327816 ], [ -73.37682, 2.32657 ], [ -73.377611, 2.325834 ], [ -73.378497, 2.325217 ], [ -73.379958, 2.32452 ], [ -73.380997, 2.324235 ], [ -73.383143, 2.324026 ], [ -73.386378, 2.32396 ], [ -73.386915, 2.324009 ], [ -73.390451, 2.325333 ], [ -73.392031, 2.325675 ], [ -73.392524, 2.325893 ], [ -73.393461, 2.32643 ], [ -73.395228, 2.327676 ], [ -73.396021, 2.328406 ], [ -73.396302, 2.328868 ], [ -73.396486, 2.329378 ], [ -73.396681, 2.330444 ], [ -73.396746, 2.332068 ], [ -73.396495, 2.333119 ], [ -73.396006, 2.334085 ], [ -73.395366, 2.334957 ], [ -73.394985, 2.335341 ], [ -73.392809, 2.33694 ], [ -73.390816, 2.338768 ], [ -73.390079, 2.33956 ], [ -73.388738, 2.341259 ], [ -73.388352, 2.341638 ], [ -73.388058, 2.342088 ], [ -73.38788, 2.343157 ], [ -73.387838, 2.345326 ], [ -73.38794, 2.346406 ], [ -73.388176, 2.347464 ], [ -73.388491, 2.348502 ], [ -73.388954, 2.34948 ], [ -73.389593, 2.350353 ], [ -73.390348, 2.351127 ], [ -73.391188, 2.351806 ], [ -73.392605, 2.352589 ], [ -73.394583, 2.353455 ], [ -73.39662, 2.354169 ], [ -73.397673, 2.354401 ], [ -73.403197, 2.355195 ], [ -73.406366, 2.355852 ], [ -73.407979, 2.355973 ], [ -73.410568, 2.356729 ], [ -73.411624, 2.356945 ], [ -73.412701, 2.356947 ], [ -73.413764, 2.356782 ], [ -73.414764, 2.356376 ], [ -73.418171, 2.354738 ], [ -73.420169, 2.353922 ], [ -73.421068, 2.353326 ], [ -73.422669, 2.351871 ], [ -73.423567, 2.350521 ], [ -73.424098, 2.349577 ], [ -73.424634, 2.348044 ], [ -73.424723, 2.34751 ], [ -73.424701, 2.346426 ], [ -73.424372, 2.344282 ], [ -73.423161, 2.339556 ], [ -73.423051, 2.337934 ], [ -73.423122, 2.336308 ], [ -73.42361, 2.331997 ], [ -73.423947, 2.330405 ], [ -73.424349, 2.329401 ], [ -73.424914, 2.328477 ], [ -73.425583, 2.327626 ], [ -73.426322, 2.326836 ], [ -73.427577, 2.325812 ], [ -73.428526, 2.3253 ], [ -73.429037, 2.325128 ], [ -73.430102, 2.324959 ], [ -73.43118, 2.324931 ], [ -73.432795, 2.325016 ], [ -73.433863, 2.325167 ], [ -73.434892, 2.325481 ], [ -73.436315, 2.326255 ], [ -73.437201, 2.326873 ], [ -73.438315, 2.32805 ], [ -73.439264, 2.329367 ], [ -73.440459, 2.331797 ], [ -73.440932, 2.33335 ], [ -73.441046, 2.334429 ], [ -73.441128, 2.336597 ], [ -73.441017, 2.338219 ], [ -73.440681, 2.339247 ], [ -73.439995, 2.340721 ], [ -73.439327, 2.342784 ], [ -73.438612, 2.344241 ], [ -73.437704, 2.345588 ], [ -73.437033, 2.346437 ], [ -73.435869, 2.347567 ], [ -73.433671, 2.349954 ], [ -73.432946, 2.351408 ], [ -73.431703, 2.354414 ], [ -73.431007, 2.356467 ], [ -73.430872, 2.356993 ], [ -73.430754, 2.35807 ], [ -73.430885, 2.360234 ], [ -73.431371, 2.362901 ], [ -73.432005, 2.364975 ], [ -73.433448, 2.369065 ], [ -73.435133, 2.373058 ], [ -73.435761, 2.375696 ], [ -73.436095, 2.376726 ], [ -73.436563, 2.377704 ], [ -73.437272, 2.379753 ], [ -73.438298, 2.382261 ], [ -73.438777, 2.383233 ], [ -73.439611, 2.384628 ], [ -73.439949, 2.38505 ], [ -73.440798, 2.385716 ], [ -73.441273, 2.385973 ], [ -73.442308, 2.386267 ], [ -73.443384, 2.386287 ], [ -73.445513, 2.385936 ], [ -73.446392, 2.385952 ], [ -73.446322, 2.38647 ], [ -73.446373, 2.386945 ], [ -73.446554, 2.387159 ], [ -73.447157, 2.387591 ], [ -73.447466, 2.387937 ], [ -73.447559, 2.388261 ], [ -73.447524, 2.388405 ], [ -73.447385, 2.388332 ], [ -73.447284, 2.388147 ], [ -73.447198, 2.388112 ], [ -73.447029, 2.38818 ], [ -73.44684, 2.388399 ], [ -73.446656, 2.389025 ], [ -73.446547, 2.389079 ], [ -73.44638, 2.389063 ], [ -73.446017, 2.388549 ], [ -73.445777, 2.388375 ], [ -73.445078, 2.388251 ], [ -73.444622, 2.388339 ], [ -73.444472, 2.388526 ], [ -73.444558, 2.388851 ], [ -73.444947, 2.388999 ], [ -73.445428, 2.389001 ], [ -73.445567, 2.389122 ], [ -73.445566, 2.389308 ], [ -73.445216, 2.389609 ], [ -73.444573, 2.389742 ], [ -73.444252, 2.389943 ], [ -73.444123, 2.390086 ], [ -73.444082, 2.390263 ], [ -73.444351, 2.390468 ], [ -73.44462, 2.390549 ], [ -73.444914, 2.390475 ], [ -73.44506, 2.390234 ], [ -73.445146, 2.390207 ], [ -73.445335, 2.39032 ], [ -73.445431, 2.390688 ], [ -73.445155, 2.391853 ], [ -73.445253, 2.392324 ], [ -73.445491, 2.392473 ], [ -73.44567, 2.392426 ], [ -73.446115, 2.391824 ], [ -73.446386, 2.391888 ], [ -73.447267, 2.392706 ], [ -73.447889, 2.393816 ], [ -73.447942, 2.394367 ], [ -73.447268, 2.394808 ], [ -73.447128, 2.395096 ], [ -73.447142, 2.395377 ], [ -73.447236, 2.395537 ], [ -73.447707, 2.395634 ], [ -73.448058, 2.39594 ], [ -73.448393, 2.396967 ], [ -73.449045, 2.39781 ], [ -73.449619, 2.398758 ], [ -73.449854, 2.399438 ], [ -73.449932, 2.39994 ], [ -73.449892, 2.400325 ], [ -73.449469, 2.400541 ], [ -73.449345, 2.40078 ], [ -73.449358, 2.400967 ], [ -73.449603, 2.401523 ], [ -73.449648, 2.402438 ], [ -73.449469, 2.40265 ], [ -73.449037, 2.402838 ], [ -73.448921, 2.402988 ], [ -73.448928, 2.403169 ], [ -73.449648, 2.40373 ], [ -73.450304, 2.40387 ], [ -73.450619, 2.40374 ], [ -73.451512, 2.403169 ], [ -73.452568, 2.402722 ], [ -73.452922, 2.402505 ], [ -73.453266, 2.402485 ], [ -73.453402, 2.40265 ], [ -73.453378, 2.402852 ], [ -73.453217, 2.403156 ], [ -73.452925, 2.403393 ], [ -73.452942, 2.403578 ], [ -73.455072, 2.404489 ], [ -73.455299, 2.404545 ], [ -73.455919, 2.404443 ], [ -73.45631, 2.404515 ], [ -73.457037, 2.405191 ], [ -73.457418, 2.405704 ], [ -73.457493, 2.405936 ], [ -73.457421, 2.40614 ], [ -73.456977, 2.406218 ], [ -73.456418, 2.406959 ], [ -73.456203, 2.407367 ], [ -73.455955, 2.408172 ], [ -73.455225, 2.409197 ], [ -73.453484, 2.410938 ], [ -73.453028, 2.411616 ], [ -73.45261, 2.412867 ], [ -73.452429, 2.414241 ], [ -73.452598, 2.414654 ], [ -73.453012, 2.414632 ], [ -73.453929, 2.413968 ], [ -73.454193, 2.413858 ], [ -73.454289, 2.413913 ], [ -73.454274, 2.414461 ], [ -73.45418, 2.414856 ], [ -73.453965, 2.414997 ], [ -73.453529, 2.414756 ], [ -73.453405, 2.41486 ], [ -73.453408, 2.415036 ], [ -73.45378, 2.416043 ], [ -73.454215, 2.41656 ], [ -73.454756, 2.416921 ], [ -73.454855, 2.417153 ], [ -73.454704, 2.417271 ], [ -73.454401, 2.417212 ], [ -73.454115, 2.417615 ], [ -73.451902, 2.419152 ], [ -73.451383, 2.419232 ], [ -73.451312, 2.419381 ], [ -73.451348, 2.419583 ], [ -73.451675, 2.419939 ], [ -73.451769, 2.420542 ], [ -73.452203, 2.420869 ], [ -73.452277, 2.421145 ], [ -73.452257, 2.421277 ], [ -73.451883, 2.421591 ], [ -73.451831, 2.42174 ], [ -73.452212, 2.421948 ], [ -73.452322, 2.422109 ], [ -73.452309, 2.422256 ], [ -73.452073, 2.422387 ], [ -73.451341, 2.422404 ], [ -73.450436, 2.422592 ], [ -73.450017, 2.423341 ], [ -73.450428, 2.423436 ], [ -73.45073, 2.423704 ], [ -73.4514, 2.425174 ], [ -73.451767, 2.425653 ], [ -73.451948, 2.426018 ], [ -73.452051, 2.426014 ], [ -73.452187, 2.425742 ], [ -73.452284, 2.425688 ], [ -73.45301, 2.425923 ], [ -73.453425, 2.425953 ], [ -73.45368, 2.425867 ], [ -73.453777, 2.425929 ], [ -73.453862, 2.426552 ], [ -73.454166, 2.427219 ], [ -73.454074, 2.427969 ], [ -73.454362, 2.428474 ], [ -73.454325, 2.42889 ], [ -73.454089, 2.4294 ], [ -73.4528, 2.431492 ], [ -73.452305, 2.43212 ], [ -73.451707, 2.432715 ], [ -73.451468, 2.432825 ], [ -73.45122, 2.432825 ], [ -73.449904, 2.432496 ], [ -73.449584, 2.43258 ], [ -73.449398, 2.432803 ], [ -73.449371, 2.432992 ], [ -73.449487, 2.433322 ], [ -73.450361, 2.434427 ], [ -73.4505, 2.434693 ], [ -73.450509, 2.434951 ], [ -73.450345, 2.435264 ], [ -73.450258, 2.435646 ], [ -73.449504, 2.436656 ], [ -73.449196, 2.437281 ], [ -73.449625, 2.438952 ], [ -73.449337, 2.439966 ], [ -73.449207, 2.44009 ], [ -73.44904, 2.440079 ], [ -73.44863, 2.439646 ], [ -73.448465, 2.439577 ], [ -73.448221, 2.439684 ], [ -73.447921, 2.440069 ], [ -73.448005, 2.44024 ], [ -73.449256, 2.440934 ], [ -73.44953, 2.441177 ], [ -73.449581, 2.44152 ], [ -73.449374, 2.442533 ], [ -73.449244, 2.442749 ], [ -73.448642, 2.443307 ], [ -73.448498, 2.44353 ], [ -73.448374, 2.443899 ], [ -73.448323, 2.444585 ], [ -73.44817, 2.44517 ], [ -73.447905, 2.44518 ], [ -73.447502, 2.444962 ], [ -73.447109, 2.445196 ], [ -73.447069, 2.44511 ], [ -73.447167, 2.444746 ], [ -73.44706, 2.444629 ], [ -73.446915, 2.444646 ], [ -73.446545, 2.444837 ], [ -73.446243, 2.445096 ], [ -73.445904, 2.445495 ], [ -73.445594, 2.446022 ], [ -73.445089, 2.445979 ], [ -73.444834, 2.446113 ], [ -73.444735, 2.446302 ], [ -73.44468, 2.446905 ], [ -73.444573, 2.447091 ], [ -73.444327, 2.447069 ], [ -73.443957, 2.446777 ], [ -73.443831, 2.446807 ], [ -73.443853, 2.447024 ], [ -73.444646, 2.448713 ], [ -73.444807, 2.448822 ], [ -73.445286, 2.448643 ], [ -73.445679, 2.44875 ], [ -73.445801, 2.449126 ], [ -73.44609, 2.449508 ], [ -73.446122, 2.449906 ], [ -73.445756, 2.450522 ], [ -73.445477, 2.450795 ], [ -73.442544, 2.452113 ], [ -73.442071, 2.452489 ], [ -73.441891, 2.45288 ], [ -73.441822, 2.453222 ], [ -73.441752, 2.45495 ], [ -73.441831, 2.455432 ], [ -73.442118, 2.455969 ], [ -73.44282, 2.456828 ], [ -73.443022, 2.456987 ], [ -73.443206, 2.457014 ], [ -73.443361, 2.45692 ], [ -73.443808, 2.456038 ], [ -73.444025, 2.455939 ], [ -73.444194, 2.455954 ], [ -73.444388, 2.456082 ], [ -73.444909, 2.457235 ], [ -73.445296, 2.457672 ], [ -73.445799, 2.457915 ], [ -73.446998, 2.4582 ], [ -73.447881, 2.458496 ], [ -73.448085, 2.458518 ], [ -73.448167, 2.458422 ], [ -73.44797, 2.457774 ], [ -73.44794, 2.456911 ], [ -73.448044, 2.456581 ], [ -73.448224, 2.456371 ], [ -73.448556, 2.45616 ], [ -73.449392, 2.455814 ], [ -73.450102, 2.455785 ], [ -73.450626, 2.455956 ], [ -73.45199, 2.457182 ], [ -73.452223, 2.457494 ], [ -73.452435, 2.458403 ], [ -73.452279, 2.459674 ], [ -73.452403, 2.45979 ], [ -73.452779, 2.459765 ], [ -73.452943, 2.459841 ], [ -73.4531, 2.460096 ], [ -73.453195, 2.460514 ], [ -73.45323, 2.461732 ], [ -73.452992, 2.462364 ], [ -73.453303, 2.462666 ], [ -73.453338, 2.462879 ], [ -73.452985, 2.463713 ], [ -73.452983, 2.46394 ], [ -73.45319, 2.464326 ], [ -73.453457, 2.464565 ], [ -73.453565, 2.464512 ], [ -73.453737, 2.46414 ], [ -73.453995, 2.463913 ], [ -73.454216, 2.463934 ], [ -73.454329, 2.464146 ], [ -73.454486, 2.465695 ], [ -73.454421, 2.465888 ], [ -73.453964, 2.466523 ], [ -73.453956, 2.466824 ], [ -73.454152, 2.467605 ], [ -73.454148, 2.468025 ], [ -73.453696, 2.470531 ], [ -73.453728, 2.470966 ], [ -73.454036, 2.472177 ], [ -73.45437, 2.472799 ], [ -73.454563, 2.472969 ], [ -73.454968, 2.472836 ], [ -73.455183, 2.472965 ], [ -73.455257, 2.473567 ], [ -73.455575, 2.474059 ], [ -73.455567, 2.474251 ], [ -73.455406, 2.474443 ], [ -73.455435, 2.474597 ], [ -73.455775, 2.474776 ], [ -73.456251, 2.474853 ], [ -73.456412, 2.475146 ], [ -73.45632, 2.475268 ], [ -73.455787, 2.475283 ], [ -73.455526, 2.475512 ], [ -73.455465, 2.475866 ], [ -73.455558, 2.476142 ], [ -73.455816, 2.47624 ], [ -73.456339, 2.476228 ], [ -73.456454, 2.476335 ], [ -73.456467, 2.476474 ], [ -73.456225, 2.47673 ], [ -73.455695, 2.476902 ], [ -73.455501, 2.477047 ], [ -73.455472, 2.47726 ], [ -73.455593, 2.477895 ], [ -73.45547, 2.478637 ], [ -73.455296, 2.47894 ], [ -73.454739, 2.479359 ], [ -73.454505, 2.479853 ], [ -73.453918, 2.480548 ], [ -73.453509, 2.481345 ], [ -73.453483, 2.481829 ], [ -73.453639, 2.48209 ], [ -73.454086, 2.482419 ], [ -73.454552, 2.482997 ], [ -73.455307, 2.483716 ], [ -73.455542, 2.484071 ], [ -73.455555, 2.484539 ], [ -73.455041, 2.485302 ], [ -73.455052, 2.485634 ], [ -73.455744, 2.485705 ], [ -73.456284, 2.485857 ], [ -73.457168, 2.485887 ], [ -73.458663, 2.48639 ], [ -73.459101, 2.486683 ], [ -73.459127, 2.486779 ], [ -73.459062, 2.486854 ], [ -73.458479, 2.486767 ], [ -73.458328, 2.486822 ], [ -73.458277, 2.486934 ], [ -73.458423, 2.487451 ], [ -73.458437, 2.487958 ], [ -73.458813, 2.489117 ], [ -73.458943, 2.489342 ], [ -73.459256, 2.489605 ], [ -73.459411, 2.490163 ], [ -73.459609, 2.490367 ], [ -73.459825, 2.490375 ], [ -73.460218, 2.490166 ], [ -73.460572, 2.490157 ], [ -73.460876, 2.490256 ], [ -73.461511, 2.490648 ], [ -73.461543, 2.490839 ], [ -73.461341, 2.491168 ], [ -73.461287, 2.491582 ], [ -73.46132, 2.491844 ], [ -73.461488, 2.492119 ], [ -73.461406, 2.492456 ], [ -73.461456, 2.492587 ], [ -73.461724, 2.492734 ], [ -73.462267, 2.492844 ], [ -73.462462, 2.493086 ], [ -73.462632, 2.493158 ], [ -73.462822, 2.493103 ], [ -73.463016, 2.492783 ], [ -73.463161, 2.492691 ], [ -73.463729, 2.492768 ], [ -73.463975, 2.492928 ], [ -73.464034, 2.493112 ], [ -73.463984, 2.493294 ], [ -73.463424, 2.49373 ], [ -73.463346, 2.493875 ], [ -73.463367, 2.493999 ], [ -73.463609, 2.494165 ], [ -73.463683, 2.494299 ], [ -73.46368, 2.495121 ], [ -73.463777, 2.495238 ], [ -73.463906, 2.495247 ], [ -73.464266, 2.494835 ], [ -73.464489, 2.494746 ], [ -73.464807, 2.494871 ], [ -73.46489, 2.495095 ], [ -73.464681, 2.495758 ], [ -73.464699, 2.496372 ], [ -73.464605, 2.496636 ], [ -73.464371, 2.496833 ], [ -73.46377, 2.496953 ], [ -73.463562, 2.497126 ], [ -73.463628, 2.497322 ], [ -73.463834, 2.497459 ], [ -73.464081, 2.497484 ], [ -73.464525, 2.497398 ], [ -73.464641, 2.497507 ], [ -73.464251, 2.498101 ], [ -73.463491, 2.498675 ], [ -73.463454, 2.498826 ], [ -73.463579, 2.49899 ], [ -73.463969, 2.499114 ], [ -73.464624, 2.499007 ], [ -73.465549, 2.498997 ], [ -73.465814, 2.498848 ], [ -73.465853, 2.498385 ], [ -73.466069, 2.498223 ], [ -73.467842, 2.498324 ], [ -73.467937, 2.498493 ], [ -73.467829, 2.498959 ], [ -73.467894, 2.499314 ], [ -73.468025, 2.49954 ], [ -73.468385, 2.499827 ], [ -73.468447, 2.499961 ], [ -73.468322, 2.500247 ], [ -73.467814, 2.50089 ], [ -73.467802, 2.501089 ], [ -73.468065, 2.501224 ], [ -73.469612, 2.501244 ], [ -73.469884, 2.501329 ], [ -73.469971, 2.501475 ], [ -73.469918, 2.501636 ], [ -73.469374, 2.5019 ], [ -73.469231, 2.502167 ], [ -73.469205, 2.502862 ], [ -73.469385, 2.503405 ], [ -73.470065, 2.504111 ], [ -73.470407, 2.504359 ], [ -73.472141, 2.5048 ], [ -73.472448, 2.504589 ], [ -73.472731, 2.503887 ], [ -73.472891, 2.503242 ], [ -73.472864, 2.502345 ], [ -73.47311, 2.50166 ], [ -73.473029, 2.50148 ], [ -73.472537, 2.501213 ], [ -73.472525, 2.501056 ], [ -73.47274, 2.500913 ], [ -73.47309, 2.500858 ], [ -73.473728, 2.501125 ], [ -73.473966, 2.501088 ], [ -73.47405, 2.500968 ], [ -73.474048, 2.500819 ], [ -73.473785, 2.50049 ], [ -73.473767, 2.500325 ], [ -73.474003, 2.499985 ], [ -73.474364, 2.499721 ], [ -73.474732, 2.499667 ], [ -73.475517, 2.49983 ], [ -73.475452, 2.50026 ], [ -73.476059, 2.500726 ], [ -73.476144, 2.500933 ], [ -73.476158, 2.501287 ], [ -73.47626, 2.501421 ], [ -73.476471, 2.501394 ], [ -73.476727, 2.501122 ], [ -73.476879, 2.50108 ], [ -73.477012, 2.501187 ], [ -73.477098, 2.50154 ], [ -73.477251, 2.501702 ], [ -73.477519, 2.501683 ], [ -73.477638, 2.501356 ], [ -73.477772, 2.501288 ], [ -73.478126, 2.501597 ], [ -73.478895, 2.501915 ], [ -73.479074, 2.501751 ], [ -73.479094, 2.500822 ], [ -73.479212, 2.500744 ], [ -73.479469, 2.50083 ], [ -73.4796, 2.50076 ], [ -73.479707, 2.500455 ], [ -73.480022, 2.500245 ], [ -73.479962, 2.499795 ], [ -73.480242, 2.499499 ], [ -73.480549, 2.499387 ], [ -73.481053, 2.499336 ], [ -73.482295, 2.499502 ], [ -73.483025, 2.499234 ], [ -73.483309, 2.499216 ], [ -73.483481, 2.499471 ], [ -73.483451, 2.500064 ], [ -73.483596, 2.500387 ], [ -73.483836, 2.500685 ], [ -73.485371, 2.501894 ], [ -73.485792, 2.50205 ], [ -73.486181, 2.502081 ], [ -73.486657, 2.501397 ], [ -73.487123, 2.500999 ], [ -73.48794, 2.500467 ], [ -73.488142, 2.500211 ], [ -73.488153, 2.499885 ], [ -73.487779, 2.499606 ], [ -73.487642, 2.499169 ], [ -73.487668, 2.498567 ], [ -73.487789, 2.498333 ], [ -73.488069, 2.49823 ], [ -73.489143, 2.498402 ], [ -73.489609, 2.498338 ], [ -73.489696, 2.498165 ], [ -73.489538, 2.497932 ], [ -73.489566, 2.497812 ], [ -73.490283, 2.497516 ], [ -73.490502, 2.497319 ], [ -73.49063, 2.497072 ], [ -73.490687, 2.496712 ], [ -73.490488, 2.496076 ], [ -73.49058, 2.495804 ], [ -73.490942, 2.495493 ], [ -73.491416, 2.495383 ], [ -73.491665, 2.495245 ], [ -73.491979, 2.494641 ], [ -73.492278, 2.494651 ], [ -73.492991, 2.494904 ], [ -73.493648, 2.494882 ], [ -73.493981, 2.495427 ], [ -73.49419, 2.495444 ], [ -73.49469, 2.495307 ], [ -73.494887, 2.495387 ], [ -73.495324, 2.496178 ], [ -73.495409, 2.496629 ], [ -73.495611, 2.496658 ], [ -73.496125, 2.496507 ], [ -73.496442, 2.497 ], [ -73.496809, 2.497252 ], [ -73.498118, 2.497219 ], [ -73.498248, 2.497367 ], [ -73.498143, 2.497676 ], [ -73.498306, 2.497791 ], [ -73.498844, 2.497687 ], [ -73.499485, 2.497682 ], [ -73.499996, 2.49755 ], [ -73.500266, 2.497644 ], [ -73.500721, 2.498152 ], [ -73.501145, 2.497911 ], [ -73.501342, 2.497968 ], [ -73.501475, 2.49854 ], [ -73.50159, 2.498632 ], [ -73.50192, 2.498684 ], [ -73.502021, 2.498969 ], [ -73.501592, 2.49987 ], [ -73.501664, 2.501173 ], [ -73.501561, 2.501645 ], [ -73.501328, 2.502162 ], [ -73.501334, 2.502591 ], [ -73.501473, 2.502704 ], [ -73.501954, 2.502622 ], [ -73.502703, 2.502801 ], [ -73.503171, 2.503069 ], [ -73.503236, 2.503422 ], [ -73.502936, 2.504315 ], [ -73.502941, 2.504574 ], [ -73.503106, 2.504842 ], [ -73.503525, 2.505139 ], [ -73.503934, 2.50647 ], [ -73.504186, 2.50683 ], [ -73.50458, 2.507187 ], [ -73.504664, 2.507452 ], [ -73.50465, 2.507879 ], [ -73.504758, 2.508124 ], [ -73.504938, 2.508266 ], [ -73.505313, 2.508376 ], [ -73.506184, 2.508275 ], [ -73.506914, 2.508447 ], [ -73.50764, 2.508515 ], [ -73.50809, 2.508655 ], [ -73.509764, 2.509789 ], [ -73.510393, 2.510114 ], [ -73.510563, 2.510335 ], [ -73.510659, 2.510952 ], [ -73.510646, 2.511215 ], [ -73.510529, 2.511403 ], [ -73.510262, 2.511407 ], [ -73.50951, 2.510986 ], [ -73.50938, 2.510994 ], [ -73.509318, 2.511092 ], [ -73.509432, 2.511369 ], [ -73.509769, 2.511804 ], [ -73.510015, 2.512426 ], [ -73.511734, 2.514237 ], [ -73.511998, 2.514392 ], [ -73.512433, 2.5145 ], [ -73.512491, 2.514696 ], [ -73.512403, 2.515157 ], [ -73.512482, 2.515316 ], [ -73.512744, 2.515276 ], [ -73.513176, 2.51457 ], [ -73.513403, 2.514505 ], [ -73.514217, 2.515214 ], [ -73.514627, 2.515813 ], [ -73.51466, 2.516039 ], [ -73.514487, 2.516364 ], [ -73.51385, 2.516903 ], [ -73.513971, 2.51746 ], [ -73.513398, 2.517661 ], [ -73.513233, 2.517932 ], [ -73.5133, 2.518191 ], [ -73.513565, 2.518414 ], [ -73.51387, 2.518539 ], [ -73.51434, 2.518611 ], [ -73.51464, 2.518783 ], [ -73.514805, 2.519035 ], [ -73.514875, 2.519425 ], [ -73.514835, 2.520038 ], [ -73.514663, 2.520613 ], [ -73.514491, 2.520691 ], [ -73.51438, 2.520415 ], [ -73.51425, 2.520448 ], [ -73.513725, 2.521119 ], [ -73.513528, 2.521802 ], [ -73.512259, 2.521846 ], [ -73.512053, 2.521743 ], [ -73.51206, 2.521414 ], [ -73.512525, 2.520813 ], [ -73.512558, 2.519977 ], [ -73.512487, 2.519863 ], [ -73.512315, 2.519835 ], [ -73.511761, 2.520139 ], [ -73.511606, 2.520116 ], [ -73.511566, 2.519984 ], [ -73.511765, 2.519453 ], [ -73.511699, 2.519273 ], [ -73.511423, 2.519266 ], [ -73.510893, 2.519609 ], [ -73.510648, 2.519658 ], [ -73.510392, 2.519571 ], [ -73.509961, 2.51924 ], [ -73.509634, 2.519206 ], [ -73.509376, 2.519369 ], [ -73.509219, 2.519643 ], [ -73.509212, 2.519996 ], [ -73.509335, 2.520645 ], [ -73.509241, 2.520785 ], [ -73.508718, 2.521125 ], [ -73.508551, 2.521308 ], [ -73.508516, 2.521491 ], [ -73.508629, 2.521836 ], [ -73.508516, 2.52206 ], [ -73.507892, 2.522127 ], [ -73.506861, 2.522454 ], [ -73.506607, 2.522375 ], [ -73.506154, 2.521954 ], [ -73.505847, 2.521807 ], [ -73.50513, 2.521805 ], [ -73.504593, 2.522 ], [ -73.504412, 2.522134 ], [ -73.50422, 2.522431 ], [ -73.504007, 2.523235 ], [ -73.503816, 2.523565 ], [ -73.503561, 2.523767 ], [ -73.502953, 2.523897 ], [ -73.502746, 2.524027 ], [ -73.502393, 2.524491 ], [ -73.501968, 2.524753 ], [ -73.501767, 2.524996 ], [ -73.501481, 2.525879 ], [ -73.501015, 2.526152 ], [ -73.500973, 2.52675 ], [ -73.500636, 2.527741 ], [ -73.500648, 2.528155 ], [ -73.500775, 2.528283 ], [ -73.501221, 2.528444 ], [ -73.501903, 2.528481 ], [ -73.502206, 2.528591 ], [ -73.502676, 2.528986 ], [ -73.502905, 2.529608 ], [ -73.50353, 2.529863 ], [ -73.503692, 2.530137 ], [ -73.503985, 2.531439 ], [ -73.50482, 2.533141 ], [ -73.504857, 2.533412 ], [ -73.50478, 2.533587 ], [ -73.504356, 2.53381 ], [ -73.504044, 2.534266 ], [ -73.50352, 2.534726 ], [ -73.502762, 2.5352 ], [ -73.502198, 2.535325 ], [ -73.50206, 2.535456 ], [ -73.501953, 2.535801 ], [ -73.501645, 2.535865 ], [ -73.50138, 2.536085 ], [ -73.501083, 2.536195 ], [ -73.500849, 2.536648 ], [ -73.50048, 2.53656 ], [ -73.500392, 2.536913 ], [ -73.499912, 2.536935 ], [ -73.498996, 2.53756 ], [ -73.498742, 2.537669 ], [ -73.498238, 2.537741 ], [ -73.49799, 2.537975 ], [ -73.497913, 2.5382 ], [ -73.497973, 2.538418 ], [ -73.498418, 2.538621 ], [ -73.498578, 2.538822 ], [ -73.498636, 2.539823 ], [ -73.498791, 2.540192 ], [ -73.498998, 2.540308 ], [ -73.499428, 2.540177 ], [ -73.499576, 2.540298 ], [ -73.499601, 2.540871 ], [ -73.499476, 2.541197 ], [ -73.499187, 2.541596 ], [ -73.499145, 2.541889 ], [ -73.499243, 2.542023 ], [ -73.499733, 2.542209 ], [ -73.500101, 2.542984 ] ] ], [ [ [ -73.333441, 2.543023 ], [ -73.332218, 2.543023 ], [ -73.332454, 2.542907 ], [ -73.333441, 2.543023 ] ] ] ] } },
{ "type": "Feature", "properties": { "vid": 2, "nombre": "Buenos Aires" }, "geometry": { "type": "Polygon", "coordinates": [ [ [ -73.632931, 2.119337 ], [ -73.632962, 2.188648 ], [ -73.624126, 2.181937 ], [ -73.618422, 2.173387 ], [ -73.6145, 2.16448 ], [ -73.613074, 2.156286 ], [ -73.600596, 2.154149 ], [ -73.587559, 2.154394 ], [ -73.587103, 2.096793 ], [ -73.592904, 2.097772 ], [ -73.597359, 2.099248 ], [ -73.60334, 2.102198 ], [ -73.605683, 2.103671 ], [ -73.605729, 2.103763 ], [ -73.609643, 2.105652 ], [ -73.618478, 2.110489 ], [ -73.62156, 2.112285 ], [ -73.624139, 2.113943 ], [ -73.629762, 2.117765 ], [ -73.630273, 2.118178 ], [ -73.632931, 2.119337 ] ] ] } },
{ "type": "Feature", "properties": { "vid": 3, "nombre": "Carco Carbón" }, "geometry": { "type": "Polygon", "coordinates": [ [ [ -73.096802, 2.543078 ], [ -73.086545, 2.54308 ], [ -73.085781, 2.54231 ], [ -73.082092, 2.539848 ], [ -73.078405, 2.53632 ], [ -73.073379, 2.533347 ], [ -73.066413, 2.533991 ], [ -73.06434, 2.530974 ], [ -73.06508, 2.527542 ], [ -73.058164, 2.52364 ], [ -73.056552, 2.519371 ], [ -73.056556, 2.514499 ], [ -73.05356, 2.511528 ], [ -73.047933, 2.511431 ], [ -73.043458, 2.512124 ], [ -73.037876, 2.513279 ], [ -73.030727, 2.511975 ], [ -73.028607, 2.510257 ], [ -73.023857, 2.508491 ], [ -73.017999, 2.507929 ], [ -73.014493, 2.508901 ], [ -73.009787, 2.510335 ], [ -73.003749, 2.50481 ], [ -72.99748, 2.499888 ], [ -72.986737, 2.494034 ], [ -72.977423, 2.490316 ], [ -72.972579, 2.4911 ], [ -72.963812, 2.495222 ], [ -72.963131, 2.495642 ], [ -72.963131, 2.47988 ], [ -72.964773, 2.478795 ], [ -72.966955, 2.477025 ], [ -72.968313, 2.475549 ], [ -72.969494, 2.473926 ], [ -72.970195, 2.472619 ], [ -72.970607, 2.47149 ], [ -72.971697, 2.466363 ], [ -72.971895, 2.463756 ], [ -72.971811, 2.46282 ], [ -72.971582, 2.461594 ], [ -72.971393, 2.461158 ], [ -72.971062, 2.460759 ], [ -72.970621, 2.460444 ], [ -72.969942, 2.459573 ], [ -72.969246, 2.459151 ], [ -72.970759, 2.45895 ], [ -72.974863, 2.459927 ], [ -72.980073, 2.463086 ], [ -72.982653, 2.466753 ], [ -72.986801, 2.470839 ], [ -72.991274, 2.471909 ], [ -72.99538, 2.47117 ], [ -73.000548, 2.467834 ], [ -73.005117, 2.46459 ], [ -73.006362, 2.464312 ], [ -73.006869, 2.465241 ], [ -73.008113, 2.466772 ], [ -73.009494, 2.471413 ], [ -73.008799, 2.475448 ], [ -73.009764, 2.479207 ], [ -73.012393, 2.480368 ], [ -73.016959, 2.481068 ], [ -73.026042, 2.48474 ], [ -73.031761, 2.486646 ], [ -73.036743, 2.485397 ], [ -73.047167, 2.486379 ], [ -73.054498, 2.489585 ], [ -73.06063, 2.493719 ], [ -73.070496, 2.500731 ], [ -73.076628, 2.504261 ], [ -73.082483, 2.509461 ], [ -73.087044, 2.516934 ], [ -73.098012, 2.531323 ], [ -73.104467, 2.53671 ], [ -73.106771, 2.540144 ], [ -73.096802, 2.543078 ] ] ] } },
{ "type": "Feature", "properties": { "vid": 4, "nombre": "Catalina" }, "geometry": { "type": "Polygon", "coordinates": [ [ [ -73.585388, 2.389242 ], [ -73.58487, 2.388517 ], [ -73.584395, 2.387545 ], [ -73.583709, 2.384919 ], [ -73.58343, 2.382766 ], [ -73.582914, 2.38066 ], [ -73.582516, 2.378523 ], [ -73.58243, 2.377444 ], [ -73.582507, 2.376343 ], [ -73.582651, 2.375829 ], [ -73.582898, 2.375361 ], [ -73.585646, 2.371991 ], [ -73.587493, 2.369316 ], [ -73.587886, 2.368307 ], [ -73.588062, 2.367234 ], [ -73.588073, 2.366684 ], [ -73.58798, 2.366157 ], [ -73.587793, 2.365652 ], [ -73.587346, 2.364655 ], [ -73.585439, 2.35957 ], [ -73.585196, 2.35909 ], [ -73.584514, 2.358252 ], [ -73.583696, 2.35754 ], [ -73.583234, 2.357253 ], [ -73.58224, 2.356838 ], [ -73.578628, 2.355726 ], [ -73.575458, 2.355065 ], [ -73.573307, 2.354838 ], [ -73.571966, 2.354919 ], [ -73.57038, 2.355268 ], [ -73.567427, 2.356616 ], [ -73.566984, 2.356913 ], [ -73.566184, 2.357636 ], [ -73.564682, 2.359205 ], [ -73.563988, 2.360035 ], [ -73.561494, 2.363577 ], [ -73.560124, 2.365914 ], [ -73.558597, 2.368157 ], [ -73.557929, 2.369005 ], [ -73.557518, 2.369348 ], [ -73.554774, 2.37109 ], [ -73.552891, 2.372159 ], [ -73.552392, 2.372352 ], [ -73.550796, 2.372643 ], [ -73.548247, 2.373525 ], [ -73.543764, 2.375401 ], [ -73.541713, 2.376089 ], [ -73.540752, 2.376573 ], [ -73.539836, 2.377156 ], [ -73.538969, 2.377802 ], [ -73.538594, 2.378187 ], [ -73.537206, 2.379874 ], [ -73.535792, 2.382183 ], [ -73.535043, 2.384212 ], [ -73.534483, 2.385139 ], [ -73.533808, 2.385984 ], [ -73.532602, 2.387067 ], [ -73.531688, 2.387642 ], [ -73.531192, 2.387854 ], [ -73.530668, 2.387977 ], [ -73.529591, 2.387979 ], [ -73.528538, 2.387753 ], [ -73.527546, 2.387328 ], [ -73.526611, 2.386788 ], [ -73.525745, 2.386143 ], [ -73.525365, 2.385758 ], [ -73.525066, 2.385307 ], [ -73.524046, 2.383397 ], [ -73.523921, 2.382869 ], [ -73.523839, 2.381788 ], [ -73.523818, 2.376363 ], [ -73.523741, 2.374737 ], [ -73.523318, 2.370964 ], [ -73.523038, 2.369361 ], [ -73.522667, 2.367776 ], [ -73.521677, 2.365255 ], [ -73.519099, 2.35988 ], [ -73.518477, 2.358999 ], [ -73.515573, 2.355794 ], [ -73.514752, 2.354394 ], [ -73.514542, 2.353894 ], [ -73.514304, 2.352838 ], [ -73.514076, 2.349592 ], [ -73.514078, 2.34905 ], [ -73.514261, 2.347982 ], [ -73.514969, 2.345933 ], [ -73.515683, 2.344474 ], [ -73.51768, 2.341252 ], [ -73.518099, 2.340253 ], [ -73.518498, 2.338898 ], [ -73.52736, 2.335122 ], [ -73.534491, 2.321466 ], [ -73.553505, 2.308998 ], [ -73.56836, 2.299499 ], [ -73.582027, 2.289999 ], [ -73.585622, 2.295936 ], [ -73.592039, 2.30128 ], [ -73.599169, 2.312323 ], [ -73.603804, 2.321585 ], [ -73.607013, 2.32301 ], [ -73.614856, 2.32301 ], [ -73.617352, 2.32586 ], [ -73.617437, 2.334228 ], [ -73.616389, 2.335276 ], [ -73.615707, 2.336115 ], [ -73.614839, 2.33749 ], [ -73.614384, 2.338478 ], [ -73.614095, 2.33952 ], [ -73.613848, 2.341135 ], [ -73.613936, 2.341666 ], [ -73.614299, 2.342691 ], [ -73.61572, 2.345013 ], [ -73.616091, 2.345391 ], [ -73.61701, 2.34596 ], [ -73.618463, 2.346699 ], [ -73.619467, 2.347089 ], [ -73.621576, 2.347553 ], [ -73.625714, 2.348786 ], [ -73.627662, 2.349734 ], [ -73.628101, 2.350041 ], [ -73.629584, 2.351619 ], [ -73.630765, 2.352742 ], [ -73.631428, 2.353589 ], [ -73.631989, 2.354525 ], [ -73.632445, 2.355507 ], [ -73.632602, 2.356022 ], [ -73.632934, 2.358177 ], [ -73.633029, 2.359258 ], [ -73.632978, 2.360345 ], [ -73.632548, 2.361923 ], [ -73.632137, 2.362929 ], [ -73.631523, 2.363798 ], [ -73.629226, 2.366113 ], [ -73.627834, 2.367776 ], [ -73.626994, 2.368445 ], [ -73.625199, 2.369658 ], [ -73.624396, 2.370381 ], [ -73.622522, 2.372335 ], [ -73.620436, 2.374824 ], [ -73.618901, 2.376354 ], [ -73.618055, 2.377019 ], [ -73.616565, 2.377673 ], [ -73.615519, 2.377908 ], [ -73.612819, 2.378046 ], [ -73.609583, 2.377943 ], [ -73.607978, 2.378148 ], [ -73.605358, 2.378791 ], [ -73.600163, 2.380261 ], [ -73.599142, 2.380613 ], [ -73.598151, 2.381046 ], [ -73.597232, 2.381606 ], [ -73.594101, 2.383751 ], [ -73.59327, 2.38443 ], [ -73.591034, 2.387495 ], [ -73.590006, 2.388752 ], [ -73.589396, 2.389694 ], [ -73.589041, 2.39007 ], [ -73.588559, 2.390241 ], [ -73.588001, 2.390279 ], [ -73.586904, 2.390175 ], [ -73.586377, 2.390019 ], [ -73.585906, 2.389775 ], [ -73.585388, 2.389242 ] ] ] } },
{ "type": "Feature", "properties": { "vid": 5, "nombre": "Caño Cafra" }, "geometry": { "type": "Polygon", "coordinates": [ [ [ -73.338577, 2.543021 ], [ -73.338004, 2.542493 ], [ -73.337455, 2.541522 ], [ -73.337486, 2.540969 ], [ -73.337767, 2.540667 ], [ -73.339044, 2.540043 ], [ -73.339092, 2.539946 ], [ -73.339064, 2.53976 ], [ -73.338483, 2.539499 ], [ -73.338224, 2.539259 ], [ -73.337841, 2.538601 ], [ -73.337696, 2.538173 ], [ -73.337696, 2.53785 ], [ -73.337914, 2.537454 ], [ -73.337976, 2.537203 ], [ -73.337935, 2.537109 ], [ -73.337758, 2.537015 ], [ -73.337468, 2.537067 ], [ -73.337063, 2.537213 ], [ -73.3367, 2.537505 ], [ -73.336534, 2.537755 ], [ -73.336492, 2.538048 ], [ -73.336699, 2.538757 ], [ -73.336658, 2.538851 ], [ -73.336513, 2.538872 ], [ -73.33587, 2.538517 ], [ -73.335704, 2.538183 ], [ -73.335518, 2.537244 ], [ -73.334658, 2.535449 ], [ -73.334347, 2.535083 ], [ -73.333672, 2.534968 ], [ -73.332759, 2.535354 ], [ -73.332292, 2.535385 ], [ -73.331961, 2.535259 ], [ -73.331318, 2.534696 ], [ -73.33109, 2.534654 ], [ -73.330903, 2.534706 ], [ -73.330788, 2.535029 ], [ -73.330871, 2.535916 ], [ -73.330508, 2.536166 ], [ -73.330238, 2.536187 ], [ -73.329937, 2.536103 ], [ -73.32946, 2.535404 ], [ -73.329201, 2.535299 ], [ -73.328745, 2.53532 ], [ -73.328465, 2.535393 ], [ -73.328278, 2.535528 ], [ -73.328164, 2.535737 ], [ -73.328111, 2.536227 ], [ -73.327997, 2.536352 ], [ -73.3278, 2.536363 ], [ -73.327479, 2.536217 ], [ -73.326639, 2.535642 ], [ -73.326224, 2.534672 ], [ -73.32582, 2.534139 ], [ -73.324628, 2.533262 ], [ -73.324337, 2.532928 ], [ -73.324099, 2.532323 ], [ -73.324006, 2.530904 ], [ -73.323737, 2.530215 ], [ -73.323686, 2.529673 ], [ -73.323893, 2.529099 ], [ -73.324153, 2.528567 ], [ -73.324444, 2.528359 ], [ -73.324724, 2.528432 ], [ -73.325439, 2.528422 ], [ -73.32602, 2.528234 ], [ -73.32627, 2.528015 ], [ -73.326467, 2.527661 ], [ -73.326477, 2.527389 ], [ -73.326052, 2.526868 ], [ -73.325721, 2.526732 ], [ -73.325243, 2.526658 ], [ -73.324995, 2.526502 ], [ -73.324735, 2.525949 ], [ -73.324507, 2.525771 ], [ -73.323186, 2.525157 ], [ -73.321302, 2.524903 ], [ -73.320442, 2.524715 ], [ -73.318585, 2.524537 ], [ -73.318284, 2.524443 ], [ -73.318108, 2.524244 ], [ -73.317973, 2.52391 ], [ -73.317911, 2.522982 ], [ -73.318451, 2.5227 ], [ -73.319198, 2.522722 ], [ -73.319623, 2.522837 ], [ -73.320391, 2.522848 ], [ -73.320702, 2.522764 ], [ -73.32091, 2.522577 ], [ -73.321024, 2.522222 ], [ -73.321045, 2.521627 ], [ -73.320973, 2.521366 ], [ -73.320693, 2.52121 ], [ -73.319614, 2.52098 ], [ -73.319118, 2.520268 ], [ -73.31921, 2.519779 ], [ -73.31949, 2.519498 ], [ -73.319926, 2.519321 ], [ -73.32032, 2.518977 ], [ -73.320341, 2.518779 ], [ -73.320196, 2.518246 ], [ -73.319916, 2.518111 ], [ -73.31974, 2.518173 ], [ -73.318598, 2.51908 ], [ -73.318287, 2.519122 ], [ -73.318049, 2.519048 ], [ -73.317738, 2.518683 ], [ -73.316493, 2.518015 ], [ -73.316224, 2.517764 ], [ -73.316234, 2.517503 ], [ -73.316442, 2.516961 ], [ -73.316484, 2.516637 ], [ -73.316448, 2.51639 ], [ -73.316162, 2.516009 ], [ -73.316206, 2.515773 ], [ -73.316454, 2.515278 ], [ -73.316309, 2.514693 ], [ -73.316019, 2.514152 ], [ -73.315859, 2.51402 ], [ -73.315422, 2.51399 ], [ -73.314753, 2.514517 ], [ -73.314637, 2.514707 ], [ -73.314549, 2.515131 ], [ -73.314401, 2.517121 ], [ -73.312823, 2.518859 ], [ -73.312491, 2.519026 ], [ -73.312297, 2.519026 ], [ -73.31209, 2.518845 ], [ -73.311731, 2.51769 ], [ -73.311441, 2.517342 ], [ -73.311026, 2.517119 ], [ -73.309546, 2.517035 ], [ -73.309242, 2.516854 ], [ -73.309118, 2.516576 ], [ -73.309132, 2.516367 ], [ -73.309327, 2.516043 ], [ -73.30959, 2.51526 ], [ -73.309764, 2.514952 ], [ -73.31023, 2.51447 ], [ -73.311016, 2.514134 ], [ -73.311074, 2.514032 ], [ -73.310987, 2.513827 ], [ -73.309722, 2.512743 ], [ -73.310207, 2.510792 ], [ -73.310614, 2.508253 ], [ -73.311714, 2.508112 ], [ -73.31237, 2.508462 ], [ -73.312405, 2.50842 ], [ -73.319428, 2.496534 ], [ -73.325558, 2.483371 ], [ -73.34213, 2.468412 ], [ -73.355622, 2.472888 ], [ -73.358251, 2.474558 ], [ -73.338577, 2.543021 ] ] ] } },
{ "type": "Feature", "properties": { "vid": 6, "nombre": "Caño Ceiba" }, "geometry": { "type": "Polygon", "coordinates": [ [ [ -73.086545, 2.54308 ], [ -72.963129, 2.543109 ], [ -72.963131, 2.495642 ], [ -72.963812, 2.495222 ], [ -72.972579, 2.4911 ], [ -72.977423, 2.490316 ], [ -72.986737, 2.494034 ], [ -72.99748, 2.499888 ], [ -73.003749, 2.50481 ], [ -73.009787, 2.510335 ], [ -73.014493, 2.508901 ], [ -73.017999, 2.507929 ], [ -73.023857, 2.508491 ], [ -73.028607, 2.510257 ], [ -73.030727, 2.511975 ], [ -73.037876, 2.513279 ], [ -73.043458, 2.512124 ], [ -73.047933, 2.511431 ], [ -73.05356, 2.511528 ], [ -73.056556, 2.514499 ], [ -73.056552, 2.519371 ], [ -73.058164, 2.52364 ], [ -73.06508, 2.527542 ], [ -73.06434, 2.530974 ], [ -73.066413, 2.533991 ], [ -73.073379, 2.533347 ], [ -73.078405, 2.53632 ], [ -73.082092, 2.539848 ], [ -73.085781, 2.54231 ], [ -73.086545, 2.54308 ] ] ] } },
{ "type": "Feature", "properties": { "vid": 7, "nombre": "Caño Pesca" }, "geometry": { "type": "Polygon", "coordinates": [ [ [ -72.963134, 2.377604 ], [ -72.963135, 2.31725 ], [ -72.969675, 2.318557 ], [ -72.967179, 2.312857 ], [ -72.963135, 2.311126 ], [ -72.963138, 2.219317 ], [ -72.964402, 2.214743 ], [ -72.964402, 2.212668 ], [ -72.964106, 2.209999 ], [ -72.965885, 2.206738 ], [ -72.966478, 2.203476 ], [ -72.967664, 2.200511 ], [ -72.969052, 2.199354 ], [ -72.965985, 2.207805 ], [ -72.964769, 2.212057 ], [ -72.97523, 2.221957 ], [ -72.980875, 2.227894 ], [ -72.988006, 2.232644 ], [ -72.996919, 2.234722 ], [ -73.00494, 2.237691 ], [ -72.997216, 2.225519 ], [ -72.993354, 2.217801 ], [ -72.994839, 2.207707 ], [ -72.994839, 2.201472 ], [ -72.998464, 2.195891 ], [ -72.995493, 2.190547 ], [ -72.993116, 2.186687 ], [ -72.994898, 2.180453 ], [ -72.997697, 2.177191 ], [ -73.001011, 2.175085 ], [ -73.016507, 2.165994 ], [ -73.020848, 2.164159 ], [ -73.036699, 2.160039 ], [ -73.040295, 2.172615 ], [ -73.043147, 2.18354 ], [ -73.04695, 2.193516 ], [ -73.048852, 2.204441 ], [ -73.054081, 2.218216 ], [ -73.068342, 2.235316 ], [ -73.079275, 2.252416 ], [ -73.088455, 2.263163 ], [ -73.080255, 2.263519 ], [ -73.074907, 2.264588 ], [ -73.06956, 2.276344 ], [ -73.064212, 2.278837 ], [ -73.058151, 2.275987 ], [ -73.056012, 2.272781 ], [ -73.048881, 2.270644 ], [ -73.041395, 2.270287 ], [ -73.040325, 2.280975 ], [ -73.037413, 2.287802 ], [ -73.036819, 2.292849 ], [ -73.034145, 2.302052 ], [ -73.034442, 2.309473 ], [ -73.040682, 2.315114 ], [ -73.044247, 2.321941 ], [ -73.043058, 2.329066 ], [ -73.042167, 2.335893 ], [ -73.038008, 2.343908 ], [ -73.029689, 2.349845 ], [ -73.024341, 2.35697 ], [ -73.022261, 2.367359 ], [ -73.017211, 2.372109 ], [ -73.011388, 2.380112 ], [ -73.006753, 2.375837 ], [ -73.001048, 2.371563 ], [ -72.995344, 2.368713 ], [ -72.990353, 2.365507 ], [ -72.984649, 2.365507 ], [ -72.979657, 2.368001 ], [ -72.98037, 2.374056 ], [ -72.972527, 2.37655 ], [ -72.96397, 2.377262 ], [ -72.963134, 2.377604 ] ] ] } },
{ "type": "Feature", "properties": { "vid": 8, "nombre": "Caño San José" }, "geometry": { "type": "Polygon", "coordinates": [ [ [ -73.265987, 2.38119 ], [ -73.267344, 2.38133 ], [ -73.267675, 2.381197 ], [ -73.267873, 2.380867 ], [ -73.268336, 2.379147 ], [ -73.268336, 2.378022 ], [ -73.268072, 2.376435 ], [ -73.267146, 2.374914 ], [ -73.265823, 2.373459 ], [ -73.263376, 2.371937 ], [ -73.262402, 2.371793 ], [ -73.265513, 2.371336 ], [ -73.268315, 2.373128 ], [ -73.271024, 2.370131 ], [ -73.274505, 2.368049 ], [ -73.278949, 2.366611 ], [ -73.281287, 2.366561 ], [ -73.285097, 2.369458 ], [ -73.287436, 2.370007 ], [ -73.29069, 2.369494 ], [ -73.293857, 2.371793 ], [ -73.296521, 2.374094 ], [ -73.298728, 2.377778 ], [ -73.301487, 2.381923 ], [ -73.302135, 2.385242 ], [ -73.300122, 2.387552 ], [ -73.300126, 2.389765 ], [ -73.304854, 2.392753 ], [ -73.305131, 2.393859 ], [ -73.305272, 2.395703 ], [ -73.305001, 2.397825 ], [ -73.303126, 2.400042 ], [ -73.304142, 2.404283 ], [ -73.304658, 2.410276 ], [ -73.304669, 2.416178 ], [ -73.30637, 2.418527 ], [ -73.30622, 2.418967 ], [ -73.305096, 2.419147 ], [ -73.303199, 2.418305 ], [ -73.301475, 2.416233 ], [ -73.301197, 2.413764 ], [ -73.300361, 2.413881 ], [ -73.297232, 2.415164 ], [ -73.293831, 2.418526 ], [ -73.291871, 2.419203 ], [ -73.289911, 2.419717 ], [ -73.284563, 2.417571 ], [ -73.281894, 2.416394 ], [ -73.278378, 2.417567 ], [ -73.277107, 2.422449 ], [ -73.277957, 2.429313 ], [ -73.276481, 2.431862 ], [ -73.273816, 2.424202 ], [ -73.272937, 2.420096 ], [ -73.271873, 2.410112 ], [ -73.270172, 2.404486 ], [ -73.272003, 2.402868 ], [ -73.274931, 2.399866 ], [ -73.277036, 2.397556 ], [ -73.276475, 2.392024 ], [ -73.271521, 2.390327 ], [ -73.270048, 2.387379 ], [ -73.268119, 2.385353 ], [ -73.265987, 2.38119 ] ] ] } },
{ "type": "Feature", "properties": { "vid": 9, "nombre": "Caño Tigre" }, "geometry": { "type": "Polygon", "coordinates": [ [ [ -73.031423, 2.413075 ], [ -73.023153, 2.409321 ], [ -73.013883, 2.403622 ], [ -73.002831, 2.39436 ], [ -72.999979, 2.38688 ], [ -73.003901, 2.386524 ], [ -73.010318, 2.385811 ], [ -73.011388, 2.380112 ], [ -73.017211, 2.372109 ], [ -73.022261, 2.367359 ], [ -73.024341, 2.35697 ], [ -73.029689, 2.349845 ], [ -73.038008, 2.343908 ], [ -73.042167, 2.335893 ], [ -73.043058, 2.329066 ], [ -73.044247, 2.321941 ], [ -73.054229, 2.320873 ], [ -73.06849, 2.320516 ], [ -73.070273, 2.32301 ], [ -73.066351, 2.334409 ], [ -73.062073, 2.34189 ], [ -73.058864, 2.353289 ], [ -73.058864, 2.358276 ], [ -73.062073, 2.363975 ], [ -73.065638, 2.372168 ], [ -73.065281, 2.38428 ], [ -73.060647, 2.392829 ], [ -73.059221, 2.403159 ], [ -73.058864, 2.409927 ], [ -73.056368, 2.413489 ], [ -73.047455, 2.414201 ], [ -73.039968, 2.413845 ], [ -73.035619, 2.415908 ], [ -73.035196, 2.413744 ], [ -73.034819, 2.412984 ], [ -73.033892, 2.412603 ], [ -73.032793, 2.412567 ], [ -73.031866, 2.412843 ], [ -73.031423, 2.413075 ] ] ] } },
{ "type": "Feature", "properties": { "vid": 10, "nombre": "El Chuamal" }, "geometry": { "type": "Polygon", "coordinates": [ [ [ -73.088455, 2.263163 ], [ -73.094159, 2.264944 ], [ -73.098081, 2.277768 ], [ -73.101646, 2.283112 ], [ -73.104499, 2.296293 ], [ -73.104855, 2.300211 ], [ -73.091307, 2.308048 ], [ -73.084177, 2.313036 ], [ -73.082751, 2.318379 ], [ -73.06849, 2.320516 ], [ -73.054229, 2.320873 ], [ -73.044247, 2.321941 ], [ -73.040682, 2.315114 ], [ -73.034442, 2.309473 ], [ -73.034145, 2.302052 ], [ -73.036819, 2.292849 ], [ -73.037413, 2.287802 ], [ -73.040325, 2.280975 ], [ -73.041395, 2.270287 ], [ -73.048881, 2.270644 ], [ -73.056012, 2.272781 ], [ -73.058151, 2.275987 ], [ -73.064212, 2.278837 ], [ -73.06956, 2.276344 ], [ -73.074907, 2.264588 ], [ -73.080255, 2.263519 ], [ -73.088455, 2.263163 ] ] ] } },
{ "type": "Feature", "properties": { "vid": 11, "nombre": "El Diamante" }, "geometry": { "type": "Polygon", "coordinates": [ [ [ -73.633038, 2.362144 ], [ -73.63308, 2.457798 ], [ -73.630268, 2.459701 ], [ -73.626182, 2.461643 ], [ -73.617574, 2.46504 ], [ -73.613123, 2.46585 ], [ -73.608581, 2.465645 ], [ -73.608224, 2.462395 ], [ -73.607235, 2.458858 ], [ -73.604625, 2.454843 ], [ -73.600437, 2.446465 ], [ -73.59801, 2.442519 ], [ -73.593249, 2.434441 ], [ -73.591166, 2.430148 ], [ -73.585516, 2.417454 ], [ -73.58403, 2.413046 ], [ -73.58282, 2.408614 ], [ -73.582022, 2.404182 ], [ -73.582212, 2.399565 ], [ -73.583296, 2.394993 ], [ -73.584417, 2.390994 ], [ -73.585388, 2.389242 ], [ -73.585906, 2.389775 ], [ -73.586377, 2.390019 ], [ -73.586904, 2.390175 ], [ -73.588001, 2.390279 ], [ -73.588559, 2.390241 ], [ -73.589041, 2.39007 ], [ -73.589396, 2.389694 ], [ -73.590006, 2.388752 ], [ -73.591034, 2.387495 ], [ -73.59327, 2.38443 ], [ -73.594101, 2.383751 ], [ -73.597232, 2.381606 ], [ -73.598151, 2.381046 ], [ -73.599142, 2.380613 ], [ -73.600163, 2.380261 ], [ -73.605358, 2.378791 ], [ -73.607978, 2.378148 ], [ -73.609583, 2.377943 ], [ -73.612819, 2.378046 ], [ -73.615519, 2.377908 ], [ -73.616565, 2.377673 ], [ -73.618055, 2.377019 ], [ -73.6185, 2.376723 ], [ -73.620062, 2.375215 ], [ -73.622886, 2.371935 ], [ -73.624787, 2.370007 ], [ -73.627834, 2.367776 ], [ -73.629226, 2.366113 ], [ -73.631867, 2.363387 ], [ -73.632137, 2.362929 ], [ -73.632541, 2.361941 ], [ -73.633038, 2.362144 ] ] ] } },
{ "type": "Feature", "properties": { "vid": 12, "nombre": "El Silencio" }, "geometry": { "type": "Polygon", "coordinates": [ [ [ -73.386137, 2.492393 ], [ -73.385522, 2.491904 ], [ -73.385351, 2.492118 ], [ -73.373941, 2.484523 ], [ -73.355622, 2.472888 ], [ -73.341894, 2.468333 ], [ -73.339773, 2.466207 ], [ -73.325607, 2.456948 ], [ -73.322712, 2.453679 ], [ -73.318397, 2.450921 ], [ -73.315546, 2.446361 ], [ -73.313476, 2.442492 ], [ -73.312602, 2.441064 ], [ -73.311865, 2.439313 ], [ -73.3109, 2.438162 ], [ -73.310715, 2.43701 ], [ -73.310896, 2.435995 ], [ -73.311031, 2.434473 ], [ -73.310203, 2.433322 ], [ -73.30965, 2.43157 ], [ -73.309095, 2.429266 ], [ -73.305929, 2.427842 ], [ -73.305232, 2.422864 ], [ -73.30637, 2.418527 ], [ -73.304669, 2.416178 ], [ -73.304658, 2.410276 ], [ -73.304142, 2.404283 ], [ -73.303126, 2.400042 ], [ -73.305001, 2.397825 ], [ -73.305272, 2.395703 ], [ -73.305131, 2.393859 ], [ -73.304854, 2.392753 ], [ -73.300126, 2.389765 ], [ -73.300122, 2.387552 ], [ -73.302135, 2.385242 ], [ -73.301487, 2.381923 ], [ -73.298728, 2.377778 ], [ -73.296521, 2.374094 ], [ -73.293857, 2.371793 ], [ -73.29069, 2.369494 ], [ -73.287436, 2.370007 ], [ -73.285097, 2.369458 ], [ -73.281287, 2.366561 ], [ -73.278949, 2.366611 ], [ -73.274505, 2.368049 ], [ -73.271024, 2.370131 ], [ -73.268315, 2.373128 ], [ -73.265513, 2.371336 ], [ -73.262402, 2.371793 ], [ -73.26159, 2.371673 ], [ -73.259341, 2.371673 ], [ -73.257489, 2.371937 ], [ -73.255306, 2.372334 ], [ -73.251999, 2.373657 ], [ -73.250875, 2.373855 ], [ -73.245517, 2.373789 ], [ -73.24393, 2.373392 ], [ -73.242409, 2.372533 ], [ -73.241152, 2.371342 ], [ -73.239168, 2.367704 ], [ -73.238572, 2.365984 ], [ -73.238175, 2.362413 ], [ -73.238308, 2.360627 ], [ -73.238109, 2.356195 ], [ -73.238175, 2.35388 ], [ -73.238638, 2.352227 ], [ -73.239366, 2.350375 ], [ -73.24016, 2.349052 ], [ -73.24102, 2.348192 ], [ -73.242475, 2.347332 ], [ -73.244062, 2.347134 ], [ -73.245344, 2.347181 ], [ -73.245875, 2.347275 ], [ -73.246868, 2.347693 ], [ -73.247763, 2.348295 ], [ -73.250456, 2.350953 ], [ -73.253056, 2.353705 ], [ -73.255151, 2.35541 ], [ -73.256956, 2.356596 ], [ -73.25795, 2.357016 ], [ -73.258978, 2.357344 ], [ -73.261579, 2.358059 ], [ -73.264205, 2.358676 ], [ -73.265813, 2.358847 ], [ -73.267426, 2.358769 ], [ -73.268982, 2.358324 ], [ -73.270573, 2.358036 ], [ -73.271076, 2.357841 ], [ -73.272505, 2.35708 ], [ -73.275275, 2.355397 ], [ -73.279078, 2.353347 ], [ -73.279992, 2.352773 ], [ -73.281217, 2.351711 ], [ -73.282342, 2.350541 ], [ -73.283393, 2.349305 ], [ -73.284274, 2.34794 ], [ -73.285032, 2.34717 ], [ -73.289737, 2.343536 ], [ -73.294205, 2.33961 ], [ -73.297263, 2.337385 ], [ -73.299082, 2.336218 ], [ -73.299576, 2.336003 ], [ -73.300109, 2.335935 ], [ -73.300645, 2.335994 ], [ -73.301164, 2.33614 ], [ -73.301865, 2.336527 ], [ -73.302982, 2.337702 ], [ -73.304301, 2.33942 ], [ -73.304679, 2.339806 ], [ -73.305575, 2.340409 ], [ -73.307279, 2.34174 ], [ -73.308862, 2.343211 ], [ -73.311479, 2.34666 ], [ -73.312569, 2.347863 ], [ -73.313224, 2.348724 ], [ -73.314248, 2.350633 ], [ -73.315091, 2.352629 ], [ -73.315658, 2.35355 ], [ -73.317802, 2.355986 ], [ -73.319281, 2.358253 ], [ -73.319628, 2.358668 ], [ -73.320039, 2.359018 ], [ -73.322443, 2.360242 ], [ -73.323467, 2.360582 ], [ -73.324517, 2.360829 ], [ -73.325053, 2.360886 ], [ -73.32559, 2.360849 ], [ -73.326653, 2.360665 ], [ -73.329346, 2.36053 ], [ -73.330411, 2.360356 ], [ -73.332464, 2.359696 ], [ -73.333458, 2.359276 ], [ -73.334394, 2.35874 ], [ -73.335169, 2.357989 ], [ -73.335757, 2.357081 ], [ -73.335999, 2.356596 ], [ -73.336255, 2.355546 ], [ -73.336278, 2.354462 ], [ -73.336202, 2.353926 ], [ -73.335804, 2.352921 ], [ -73.33521, 2.352016 ], [ -73.332248, 2.348861 ], [ -73.330947, 2.347132 ], [ -73.330085, 2.345146 ], [ -73.329845, 2.34409 ], [ -73.329944, 2.343014 ], [ -73.330217, 2.341964 ], [ -73.33074, 2.338753 ], [ -73.331008, 2.337703 ], [ -73.331604, 2.33619 ], [ -73.332307, 2.334724 ], [ -73.332859, 2.333792 ], [ -73.333487, 2.332911 ], [ -73.334525, 2.331663 ], [ -73.335287, 2.330895 ], [ -73.337351, 2.32915 ], [ -73.338256, 2.32856 ], [ -73.33922, 2.328074 ], [ -73.34123, 2.327288 ], [ -73.342893, 2.326846 ], [ -73.34397, 2.326928 ], [ -73.345483, 2.326747 ], [ -73.348594, 2.326547 ], [ -73.35239, 2.325528 ], [ -73.355912, 2.324165 ], [ -73.356707, 2.324095 ], [ -73.357644, 2.324629 ], [ -73.358039, 2.324997 ], [ -73.358697, 2.325856 ], [ -73.359226, 2.326801 ], [ -73.359396, 2.327315 ], [ -73.36006, 2.3305 ], [ -73.360207, 2.331573 ], [ -73.360194, 2.332658 ], [ -73.360014, 2.333726 ], [ -73.359805, 2.334224 ], [ -73.359155, 2.335089 ], [ -73.358443, 2.336543 ], [ -73.35804, 2.336902 ], [ -73.355416, 2.338802 ], [ -73.35493, 2.339038 ], [ -73.353392, 2.339542 ], [ -73.352418, 2.340007 ], [ -73.35011, 2.341409 ], [ -73.34925, 2.342063 ], [ -73.348555, 2.342889 ], [ -73.347756, 2.344303 ], [ -73.347339, 2.345303 ], [ -73.347056, 2.345764 ], [ -73.346374, 2.346599 ], [ -73.345892, 2.347569 ], [ -73.34553, 2.348591 ], [ -73.345241, 2.350191 ], [ -73.345092, 2.352134 ], [ -73.345147, 2.353759 ], [ -73.345474, 2.356998 ], [ -73.346019, 2.359653 ], [ -73.346415, 2.360661 ], [ -73.347206, 2.36208 ], [ -73.347863, 2.36294 ], [ -73.348663, 2.363665 ], [ -73.354375, 2.367754 ], [ -73.355313, 2.368284 ], [ -73.35637, 2.368484 ], [ -73.359065, 2.368416 ], [ -73.360667, 2.368207 ], [ -73.361694, 2.367875 ], [ -73.366191, 2.366036 ], [ -73.368319, 2.365248 ], [ -73.374066, 2.36396 ], [ -73.375449, 2.366654 ], [ -73.376738, 2.36951 ], [ -73.377936, 2.372505 ], [ -73.38028, 2.375221 ], [ -73.381383, 2.377063 ], [ -73.383134, 2.381625 ], [ -73.384008, 2.383145 ], [ -73.385385, 2.383926 ], [ -73.386764, 2.38563 ], [ -73.391586, 2.390001 ], [ -73.394344, 2.393731 ], [ -73.396594, 2.395525 ], [ -73.397651, 2.396629 ], [ -73.400176, 2.398653 ], [ -73.40458, 2.399889 ], [ -73.408248, 2.400159 ], [ -73.412105, 2.403194 ], [ -73.412896, 2.408957 ], [ -73.411801, 2.411588 ], [ -73.411574, 2.412833 ], [ -73.412179, 2.417305 ], [ -73.411544, 2.420903 ], [ -73.410906, 2.422795 ], [ -73.408801, 2.42492 ], [ -73.406193, 2.427324 ], [ -73.405057, 2.432398 ], [ -73.404145, 2.435167 ], [ -73.406208, 2.435071 ], [ -73.408683, 2.434835 ], [ -73.41194, 2.435797 ], [ -73.414467, 2.438559 ], [ -73.414477, 2.443677 ], [ -73.411778, 2.44668 ], [ -73.41128, 2.449586 ], [ -73.410553, 2.452908 ], [ -73.409733, 2.455768 ], [ -73.41061, 2.458626 ], [ -73.411622, 2.460238 ], [ -73.413601, 2.464107 ], [ -73.41182, 2.467661 ], [ -73.410265, 2.469878 ], [ -73.409355, 2.473108 ], [ -73.41014, 2.476057 ], [ -73.409869, 2.478133 ], [ -73.408772, 2.479887 ], [ -73.408414, 2.484177 ], [ -73.408463, 2.486252 ], [ -73.386137, 2.492393 ] ] ] } },
{ "type": "Feature", "properties": { "vid": 13, "nombre": "Fundación" }, "geometry": { "type": "Polygon", "coordinates": [ [ [ -73.632962, 2.188648 ], [ -73.632981, 2.232205 ], [ -73.62983, 2.232169 ], [ -73.568865, 2.230388 ], [ -73.566013, 2.232169 ], [ -73.560665, 2.232882 ], [ -73.55817, 2.228607 ], [ -73.554248, 2.224688 ], [ -73.550326, 2.217919 ], [ -73.551752, 2.213288 ], [ -73.552109, 2.167331 ], [ -73.557457, 2.161274 ], [ -73.568152, 2.157711 ], [ -73.5817, 2.154505 ], [ -73.600596, 2.154149 ], [ -73.613074, 2.156286 ], [ -73.6145, 2.16448 ], [ -73.618422, 2.173387 ], [ -73.624126, 2.181937 ], [ -73.632962, 2.188648 ] ] ] } },
{ "type": "Feature", "properties": { "vid": 14, "nombre": "Itilla" }, "geometry": { "type": "Polygon", "coordinates": [ [ [ -73.63291, 2.070218 ], [ -73.632931, 2.119337 ], [ -73.630273, 2.118178 ], [ -73.629762, 2.117765 ], [ -73.624139, 2.113943 ], [ -73.62156, 2.112285 ], [ -73.618478, 2.110489 ], [ -73.609643, 2.105652 ], [ -73.605729, 2.103763 ], [ -73.605683, 2.103671 ], [ -73.60334, 2.102198 ], [ -73.597359, 2.099248 ], [ -73.592904, 2.097772 ], [ -73.578903, 2.095363 ], [ -73.576248, 2.095129 ], [ -73.574363, 2.094713 ], [ -73.571197, 2.093789 ], [ -73.563629, 2.093274 ], [ -73.56047, 2.09336 ], [ -73.557212, 2.092988 ], [ -73.554686, 2.092525 ], [ -73.547942, 2.091459 ], [ -73.545973, 2.091272 ], [ -73.542479, 2.090531 ], [ -73.540183, 2.089747 ], [ -73.538527, 2.088964 ], [ -73.533065, 2.087665 ], [ -73.52603, 2.085866 ], [ -73.517362, 2.085715 ], [ -73.508847, 2.083753 ], [ -73.49429, 2.081307 ], [ -73.475965, 2.076538 ], [ -73.473065, 2.075447 ], [ -73.455792, 2.072133 ], [ -73.444085, 2.071435 ], [ -73.441881, 2.070305 ], [ -73.442757, 2.070206 ], [ -73.447403, 2.068264 ], [ -73.449484, 2.066648 ], [ -73.449482, 2.065197 ], [ -73.448034, 2.061651 ], [ -73.447872, 2.060199 ], [ -73.448189, 2.05778 ], [ -73.450272, 2.057132 ], [ -73.451393, 2.056969 ], [ -73.453636, 2.055998 ], [ -73.455077, 2.054544 ], [ -73.455957, 2.053853 ], [ -73.456837, 2.052767 ], [ -73.457797, 2.050992 ], [ -73.459399, 2.050667 ], [ -73.461961, 2.048566 ], [ -73.463402, 2.047758 ], [ -73.466448, 2.047753 ], [ -73.469012, 2.047588 ], [ -73.471096, 2.047263 ], [ -73.473338, 2.04613 ], [ -73.47526, 2.044515 ], [ -73.476379, 2.043061 ], [ -73.478302, 2.042575 ], [ -73.480066, 2.042572 ], [ -73.481508, 2.042731 ], [ -73.483272, 2.043051 ], [ -73.484878, 2.045306 ], [ -73.48552, 2.045467 ], [ -73.486321, 2.045466 ], [ -73.487282, 2.044819 ], [ -73.490806, 2.043362 ], [ -73.494331, 2.041744 ], [ -73.499297, 2.03964 ], [ -73.50394, 2.036085 ], [ -73.504577, 2.033181 ], [ -73.504253, 2.031408 ], [ -73.503288, 2.029152 ], [ -73.502, 2.025283 ], [ -73.501264, 2.022339 ], [ -73.518698, 2.022335 ], [ -73.520432, 2.024126 ], [ -73.521394, 2.024609 ], [ -73.522356, 2.024607 ], [ -73.523159, 2.025574 ], [ -73.522842, 2.028154 ], [ -73.522043, 2.029768 ], [ -73.521886, 2.031704 ], [ -73.522215, 2.037348 ], [ -73.522861, 2.040411 ], [ -73.525588, 2.041697 ], [ -73.528313, 2.042338 ], [ -73.532, 2.042332 ], [ -73.536007, 2.041842 ], [ -73.539533, 2.041836 ], [ -73.546265, 2.041987 ], [ -73.549953, 2.042788 ], [ -73.552198, 2.043591 ], [ -73.554122, 2.043749 ], [ -73.555885, 2.043746 ], [ -73.559092, 2.044709 ], [ -73.561982, 2.047285 ], [ -73.562626, 2.049703 ], [ -73.562793, 2.053573 ], [ -73.560394, 2.057447 ], [ -73.559917, 2.059705 ], [ -73.560882, 2.0618 ], [ -73.56345, 2.063731 ], [ -73.565856, 2.064856 ], [ -73.567779, 2.065014 ], [ -73.570664, 2.064687 ], [ -73.573709, 2.064521 ], [ -73.575793, 2.064518 ], [ -73.583007, 2.065313 ], [ -73.586694, 2.065468 ], [ -73.588457, 2.065304 ], [ -73.591341, 2.064816 ], [ -73.595344, 2.062068 ], [ -73.597588, 2.061903 ], [ -73.600313, 2.061899 ], [ -73.601916, 2.062058 ], [ -73.605123, 2.062859 ], [ -73.607689, 2.064145 ], [ -73.61202, 2.065912 ], [ -73.614908, 2.067842 ], [ -73.616993, 2.068967 ], [ -73.621963, 2.069927 ], [ -73.628054, 2.069756 ], [ -73.63291, 2.070218 ] ] ] } },
{ "type": "Feature", "properties": { "vid": 15, "nombre": "Itilla" }, "geometry": { "type": "MultiPolygon", "coordinates": [ [ [ [ -73.632889, 2.022314 ], [ -73.63291, 2.070218 ], [ -73.628054, 2.069756 ], [ -73.621963, 2.069927 ], [ -73.616993, 2.068967 ], [ -73.614908, 2.067842 ], [ -73.61202, 2.065912 ], [ -73.607689, 2.064145 ], [ -73.605123, 2.062859 ], [ -73.601916, 2.062058 ], [ -73.600313, 2.061899 ], [ -73.597588, 2.061903 ], [ -73.595344, 2.062068 ], [ -73.591341, 2.064816 ], [ -73.588457, 2.065304 ], [ -73.586694, 2.065468 ], [ -73.583007, 2.065313 ], [ -73.575793, 2.064518 ], [ -73.573709, 2.064521 ], [ -73.570664, 2.064687 ], [ -73.567779, 2.065014 ], [ -73.565856, 2.064856 ], [ -73.56345, 2.063731 ], [ -73.560882, 2.0618 ], [ -73.559917, 2.059705 ], [ -73.560394, 2.057447 ], [ -73.562793, 2.053573 ], [ -73.562626, 2.049703 ], [ -73.561982, 2.047285 ], [ -73.559092, 2.044709 ], [ -73.555885, 2.043746 ], [ -73.554122, 2.043749 ], [ -73.552198, 2.043591 ], [ -73.549953, 2.042788 ], [ -73.546265, 2.041987 ], [ -73.539533, 2.041836 ], [ -73.536007, 2.041842 ], [ -73.532, 2.042332 ], [ -73.528313, 2.042338 ], [ -73.525588, 2.041697 ], [ -73.522861, 2.040411 ], [ -73.522215, 2.037348 ], [ -73.521886, 2.031704 ], [ -73.522043, 2.029768 ], [ -73.522842, 2.028154 ], [ -73.523159, 2.025574 ], [ -73.522356, 2.024607 ], [ -73.521394, 2.024609 ], [ -73.520432, 2.024126 ], [ -73.518698, 2.022335 ], [ -73.632889, 2.022314 ] ] ], [ [ [ -72.96314, 2.144153 ], [ -72.963143, 2.022438 ], [ -73.501264, 2.022339 ], [ -73.502, 2.025283 ], [ -73.503288, 2.029152 ], [ -73.504253, 2.031408 ], [ -73.504577, 2.033181 ], [ -73.50394, 2.036085 ], [ -73.499297, 2.03964 ], [ -73.494331, 2.041744 ], [ -73.490806, 2.043362 ], [ -73.487282, 2.044819 ], [ -73.486321, 2.045466 ], [ -73.48552, 2.045467 ], [ -73.484878, 2.045306 ], [ -73.483272, 2.043051 ], [ -73.481508, 2.042731 ], [ -73.480066, 2.042572 ], [ -73.478302, 2.042575 ], [ -73.476379, 2.043061 ], [ -73.47526, 2.044515 ], [ -73.473338, 2.04613 ], [ -73.471096, 2.047263 ], [ -73.469012, 2.047588 ], [ -73.466448, 2.047753 ], [ -73.463402, 2.047758 ], [ -73.461961, 2.048566 ], [ -73.459399, 2.050667 ], [ -73.457797, 2.050992 ], [ -73.456837, 2.052767 ], [ -73.455957, 2.053853 ], [ -73.455077, 2.054544 ], [ -73.453636, 2.055998 ], [ -73.451393, 2.056969 ], [ -73.450272, 2.057132 ], [ -73.448189, 2.05778 ], [ -73.447872, 2.060199 ], [ -73.448034, 2.061651 ], [ -73.449482, 2.065197 ], [ -73.449484, 2.066648 ], [ -73.447403, 2.068264 ], [ -73.442757, 2.070206 ], [ -73.441314, 2.07037 ], [ -73.43923, 2.070373 ], [ -73.438106, 2.069245 ], [ -73.436338, 2.065861 ], [ -73.432808, 2.06377 ], [ -73.428801, 2.063937 ], [ -73.424795, 2.06475 ], [ -73.420308, 2.066046 ], [ -73.416142, 2.067504 ], [ -73.413578, 2.068314 ], [ -73.410853, 2.068157 ], [ -73.40941, 2.067675 ], [ -73.407805, 2.066549 ], [ -73.406362, 2.066551 ], [ -73.4054, 2.066714 ], [ -73.402996, 2.066717 ], [ -73.397221, 2.063984 ], [ -73.395618, 2.063986 ], [ -73.393855, 2.064473 ], [ -73.392736, 2.065602 ], [ -73.385616, 2.06431 ], [ -73.382745, 2.063648 ], [ -73.377887, 2.063427 ], [ -73.36044, 2.063427 ], [ -73.355581, 2.063206 ], [ -73.347852, 2.063206 ], [ -73.341688, 2.061775 ], [ -73.335818, 2.061492 ], [ -73.330046, 2.061339 ], [ -73.326839, 2.060699 ], [ -73.321067, 2.059739 ], [ -73.313689, 2.05733 ], [ -73.308234, 2.054434 ], [ -73.30791, 2.051854 ], [ -73.308868, 2.049595 ], [ -73.308706, 2.048143 ], [ -73.309345, 2.046691 ], [ -73.310305, 2.045399 ], [ -73.310785, 2.044592 ], [ -73.310462, 2.042496 ], [ -73.311259, 2.039269 ], [ -73.311256, 2.037172 ], [ -73.311414, 2.035398 ], [ -73.309969, 2.033625 ], [ -73.309166, 2.033143 ], [ -73.307243, 2.033468 ], [ -73.30596, 2.03347 ], [ -73.304677, 2.032826 ], [ -73.302592, 2.032345 ], [ -73.301629, 2.031379 ], [ -73.301305, 2.029121 ], [ -73.300821, 2.026864 ], [ -73.300178, 2.025413 ], [ -73.298414, 2.02477 ], [ -73.296971, 2.024772 ], [ -73.295369, 2.025581 ], [ -73.294569, 2.026872 ], [ -73.292646, 2.027681 ], [ -73.291523, 2.026877 ], [ -73.290078, 2.025266 ], [ -73.287831, 2.023656 ], [ -73.286548, 2.023335 ], [ -73.285589, 2.024949 ], [ -73.283188, 2.028178 ], [ -73.280465, 2.029795 ], [ -73.278542, 2.029959 ], [ -73.276298, 2.030607 ], [ -73.273413, 2.030934 ], [ -73.270528, 2.031422 ], [ -73.268125, 2.032715 ], [ -73.265402, 2.034493 ], [ -73.263159, 2.035787 ], [ -73.260273, 2.035952 ], [ -73.256425, 2.035151 ], [ -73.25386, 2.035315 ], [ -73.250336, 2.03774 ], [ -73.248736, 2.040323 ], [ -73.247617, 2.042582 ], [ -73.245535, 2.044359 ], [ -73.243933, 2.045491 ], [ -73.238964, 2.046304 ], [ -73.23608, 2.047598 ], [ -73.232395, 2.049378 ], [ -73.230151, 2.049865 ], [ -73.226945, 2.049708 ], [ -73.223096, 2.048906 ], [ -73.220048, 2.047781 ], [ -73.217961, 2.045687 ], [ -73.214111, 2.044241 ], [ -73.212508, 2.044243 ], [ -73.209943, 2.044407 ], [ -73.207698, 2.04441 ], [ -73.206097, 2.04538 ], [ -73.204013, 2.04619 ], [ -73.202732, 2.047321 ], [ -73.199205, 2.047325 ], [ -73.197441, 2.047166 ], [ -73.194394, 2.046686 ], [ -73.190066, 2.046853 ], [ -73.187501, 2.047663 ], [ -73.184616, 2.048312 ], [ -73.182535, 2.050251 ], [ -73.180165, 2.055834 ], [ -73.178861, 2.060741 ], [ -73.177424, 2.06542 ], [ -73.174547, 2.072038 ], [ -73.172144, 2.073654 ], [ -73.169421, 2.075916 ], [ -73.165735, 2.07705 ], [ -73.16317, 2.077053 ], [ -73.156112, 2.075127 ], [ -73.153623, 2.073638 ], [ -73.153059, 2.072789 ], [ -73.152382, 2.071544 ], [ -73.151818, 2.070921 ], [ -73.150354, 2.0703 ], [ -73.149677, 2.069338 ], [ -73.149675, 2.068432 ], [ -73.150012, 2.067412 ], [ -73.151136, 2.065938 ], [ -73.151529, 2.065201 ], [ -73.151697, 2.064464 ], [ -73.151245, 2.062879 ], [ -73.151582, 2.062142 ], [ -73.1522, 2.061462 ], [ -73.152818, 2.060385 ], [ -73.153323, 2.059251 ], [ -73.153322, 2.058175 ], [ -73.154165, 2.056871 ], [ -73.155764, 2.053835 ], [ -73.15576, 2.050447 ], [ -73.154793, 2.047061 ], [ -73.152705, 2.043676 ], [ -73.149335, 2.041745 ], [ -73.145967, 2.041265 ], [ -73.141318, 2.041271 ], [ -73.137632, 2.042567 ], [ -73.133784, 2.042733 ], [ -73.130096, 2.042738 ], [ -73.126567, 2.040807 ], [ -73.124158, 2.037906 ], [ -73.12239, 2.035005 ], [ -73.121744, 2.03065 ], [ -73.119013, 2.026943 ], [ -73.115482, 2.02356 ], [ -73.112755, 2.022434 ], [ -73.110831, 2.022437 ], [ -73.107786, 2.024054 ], [ -73.104422, 2.026478 ], [ -73.097851, 2.028422 ], [ -73.090641, 2.032948 ], [ -73.083751, 2.036183 ], [ -73.078943, 2.037641 ], [ -73.075256, 2.038613 ], [ -73.071251, 2.041199 ], [ -73.069169, 2.043299 ], [ -73.065805, 2.045723 ], [ -73.056991, 2.049605 ], [ -73.050582, 2.053969 ], [ -73.043054, 2.06027 ], [ -73.03377, 2.073348 ], [ -73.027529, 2.084003 ], [ -73.026089, 2.085941 ], [ -73.024487, 2.087395 ], [ -73.022404, 2.088849 ], [ -73.019517, 2.08853 ], [ -73.016632, 2.089179 ], [ -73.015511, 2.090471 ], [ -73.014873, 2.092892 ], [ -73.015037, 2.095957 ], [ -73.016805, 2.099665 ], [ -73.01793, 2.101761 ], [ -73.020018, 2.104662 ], [ -73.022427, 2.107724 ], [ -73.023071, 2.109497 ], [ -73.023716, 2.112078 ], [ -73.023718, 2.113691 ], [ -73.022759, 2.116112 ], [ -73.020838, 2.118696 ], [ -73.017313, 2.121443 ], [ -73.013788, 2.123867 ], [ -73.010908, 2.128549 ], [ -73.006266, 2.135492 ], [ -73.000792, 2.141703 ], [ -72.999373, 2.143196 ], [ -72.995162, 2.149069 ], [ -72.982173, 2.145682 ], [ -72.96314, 2.144153 ] ] ] ] } },
{ "type": "Feature", "properties": { "vid": 16, "nombre": "La Catalina" }, "geometry": { "type": "Polygon", "coordinates": [ [ [ -73.497554, 2.497203 ], [ -73.497421, 2.489148 ], [ -73.49768, 2.484438 ], [ -73.497755, 2.479844 ], [ -73.498265, 2.475366 ], [ -73.499952, 2.466362 ], [ -73.500463, 2.461768 ], [ -73.503187, 2.448285 ], [ -73.503951, 2.443576 ], [ -73.504163, 2.439051 ], [ -73.50386, 2.425177 ], [ -73.503889, 2.420606 ], [ -73.506063, 2.407009 ], [ -73.507337, 2.39782 ], [ -73.507779, 2.393272 ], [ -73.508794, 2.388863 ], [ -73.510382, 2.384615 ], [ -73.512177, 2.380389 ], [ -73.514476, 2.376395 ], [ -73.51705, 2.372608 ], [ -73.522616, 2.367616 ], [ -73.523234, 2.370428 ], [ -73.523693, 2.374197 ], [ -73.523818, 2.376363 ], [ -73.523839, 2.381788 ], [ -73.523921, 2.382869 ], [ -73.524046, 2.383397 ], [ -73.525365, 2.385758 ], [ -73.525745, 2.386143 ], [ -73.526611, 2.386788 ], [ -73.528034, 2.38756 ], [ -73.529059, 2.387893 ], [ -73.53013, 2.388011 ], [ -73.531192, 2.387854 ], [ -73.531688, 2.387642 ], [ -73.532602, 2.387067 ], [ -73.533429, 2.386371 ], [ -73.534161, 2.385574 ], [ -73.535043, 2.384212 ], [ -73.535792, 2.382183 ], [ -73.537206, 2.379874 ], [ -73.538594, 2.378187 ], [ -73.538969, 2.377802 ], [ -73.539836, 2.377156 ], [ -73.540752, 2.376573 ], [ -73.541713, 2.376089 ], [ -73.543764, 2.375401 ], [ -73.548247, 2.373525 ], [ -73.550796, 2.372643 ], [ -73.552392, 2.372352 ], [ -73.552891, 2.372159 ], [ -73.554774, 2.37109 ], [ -73.557518, 2.369348 ], [ -73.557929, 2.369005 ], [ -73.558282, 2.368601 ], [ -73.559826, 2.366366 ], [ -73.561494, 2.363577 ], [ -73.563988, 2.360035 ], [ -73.564682, 2.359205 ], [ -73.566184, 2.357636 ], [ -73.566984, 2.356913 ], [ -73.567427, 2.356616 ], [ -73.57038, 2.355268 ], [ -73.571966, 2.354919 ], [ -73.573307, 2.354838 ], [ -73.575458, 2.355065 ], [ -73.579151, 2.355857 ], [ -73.582745, 2.357021 ], [ -73.583696, 2.35754 ], [ -73.584881, 2.358655 ], [ -73.585439, 2.35957 ], [ -73.587346, 2.364655 ], [ -73.58798, 2.366157 ], [ -73.588073, 2.366684 ], [ -73.588062, 2.367234 ], [ -73.587886, 2.368307 ], [ -73.587493, 2.369316 ], [ -73.585646, 2.371991 ], [ -73.582898, 2.375361 ], [ -73.582651, 2.375829 ], [ -73.582507, 2.376343 ], [ -73.58243, 2.377444 ], [ -73.582516, 2.378523 ], [ -73.582914, 2.38066 ], [ -73.58343, 2.382766 ], [ -73.583709, 2.384919 ], [ -73.584395, 2.387545 ], [ -73.58487, 2.388517 ], [ -73.585388, 2.389242 ], [ -73.584417, 2.390994 ], [ -73.583296, 2.394993 ], [ -73.582212, 2.399565 ], [ -73.582022, 2.404182 ], [ -73.58282, 2.408614 ], [ -73.58403, 2.413046 ], [ -73.585516, 2.417454 ], [ -73.591166, 2.430148 ], [ -73.593249, 2.434441 ], [ -73.59801, 2.442519 ], [ -73.600437, 2.446465 ], [ -73.604625, 2.454843 ], [ -73.607235, 2.458858 ], [ -73.608224, 2.462395 ], [ -73.608581, 2.465645 ], [ -73.604015, 2.465716 ], [ -73.599426, 2.465972 ], [ -73.594883, 2.466783 ], [ -73.59034, 2.467477 ], [ -73.585819, 2.46861 ], [ -73.581367, 2.469513 ], [ -73.576846, 2.470669 ], [ -73.572372, 2.47141 ], [ -73.567873, 2.472728 ], [ -73.554837, 2.476912 ], [ -73.550545, 2.478391 ], [ -73.546275, 2.480332 ], [ -73.542052, 2.482042 ], [ -73.52977, 2.488026 ], [ -73.513677, 2.496436 ], [ -73.509682, 2.4987 ], [ -73.505528, 2.50041 ], [ -73.501657, 2.501227 ], [ -73.501592, 2.49987 ], [ -73.501674, 2.499613 ], [ -73.501989, 2.499127 ], [ -73.502019, 2.498915 ], [ -73.501888, 2.49866 ], [ -73.501489, 2.498561 ], [ -73.501342, 2.497968 ], [ -73.501145, 2.497911 ], [ -73.500721, 2.498152 ], [ -73.500266, 2.497644 ], [ -73.499996, 2.49755 ], [ -73.499485, 2.497682 ], [ -73.498844, 2.497687 ], [ -73.498274, 2.497786 ], [ -73.498136, 2.497653 ], [ -73.498248, 2.497384 ], [ -73.498197, 2.497264 ], [ -73.498038, 2.4972 ], [ -73.497554, 2.497203 ] ] ] } },
{ "type": "Feature", "properties": { "vid": 17, "nombre": "La Esmeraldas" }, "geometry": { "type": "Polygon", "coordinates": [ [ [ -73.469661, 2.501247 ], [ -73.46809, 2.501227 ], [ -73.467802, 2.501089 ], [ -73.467814, 2.50089 ], [ -73.468322, 2.500247 ], [ -73.468447, 2.499961 ], [ -73.468407, 2.499849 ], [ -73.468141, 2.49967 ], [ -73.467917, 2.499375 ], [ -73.467828, 2.499 ], [ -73.467937, 2.498493 ], [ -73.467808, 2.498306 ], [ -73.466017, 2.498236 ], [ -73.465853, 2.498385 ], [ -73.465802, 2.498865 ], [ -73.465435, 2.49902 ], [ -73.464624, 2.499007 ], [ -73.463888, 2.499112 ], [ -73.463677, 2.499056 ], [ -73.463494, 2.498907 ], [ -73.463452, 2.498765 ], [ -73.463517, 2.498641 ], [ -73.464192, 2.498159 ], [ -73.464631, 2.497571 ], [ -73.464625, 2.497456 ], [ -73.464525, 2.497398 ], [ -73.464081, 2.497484 ], [ -73.463834, 2.497459 ], [ -73.463647, 2.497344 ], [ -73.463557, 2.497156 ], [ -73.46373, 2.496969 ], [ -73.464312, 2.496856 ], [ -73.464605, 2.496636 ], [ -73.464699, 2.496372 ], [ -73.464681, 2.495758 ], [ -73.464887, 2.495139 ], [ -73.464833, 2.494899 ], [ -73.464537, 2.494747 ], [ -73.464266, 2.494835 ], [ -73.463906, 2.495247 ], [ -73.463777, 2.495238 ], [ -73.46368, 2.495121 ], [ -73.463683, 2.494299 ], [ -73.463609, 2.494165 ], [ -73.463367, 2.493999 ], [ -73.463346, 2.493875 ], [ -73.463424, 2.49373 ], [ -73.463984, 2.493294 ], [ -73.464034, 2.493112 ], [ -73.463975, 2.492928 ], [ -73.463729, 2.492768 ], [ -73.463161, 2.492691 ], [ -73.463016, 2.492783 ], [ -73.462822, 2.493103 ], [ -73.462632, 2.493158 ], [ -73.462462, 2.493086 ], [ -73.462267, 2.492844 ], [ -73.461724, 2.492734 ], [ -73.461456, 2.492587 ], [ -73.461406, 2.492456 ], [ -73.461488, 2.492119 ], [ -73.46132, 2.491844 ], [ -73.461287, 2.491582 ], [ -73.461341, 2.491168 ], [ -73.461543, 2.490839 ], [ -73.461511, 2.490648 ], [ -73.460876, 2.490256 ], [ -73.460572, 2.490157 ], [ -73.460218, 2.490166 ], [ -73.459825, 2.490375 ], [ -73.459609, 2.490367 ], [ -73.459411, 2.490163 ], [ -73.459256, 2.489605 ], [ -73.458943, 2.489342 ], [ -73.458813, 2.489117 ], [ -73.458437, 2.487958 ], [ -73.458423, 2.487451 ], [ -73.458277, 2.486934 ], [ -73.458328, 2.486822 ], [ -73.458479, 2.486767 ], [ -73.459062, 2.486854 ], [ -73.459127, 2.486779 ], [ -73.459101, 2.486683 ], [ -73.458663, 2.48639 ], [ -73.457168, 2.485887 ], [ -73.456284, 2.485857 ], [ -73.455744, 2.485705 ], [ -73.455069, 2.485648 ], [ -73.455007, 2.485499 ], [ -73.455041, 2.485302 ], [ -73.455555, 2.484539 ], [ -73.455542, 2.484071 ], [ -73.455307, 2.483716 ], [ -73.454552, 2.482997 ], [ -73.454086, 2.482419 ], [ -73.453639, 2.48209 ], [ -73.453509, 2.481905 ], [ -73.453458, 2.481649 ], [ -73.453509, 2.481345 ], [ -73.453918, 2.480548 ], [ -73.454505, 2.479853 ], [ -73.454739, 2.479359 ], [ -73.455296, 2.47894 ], [ -73.45547, 2.478637 ], [ -73.455593, 2.477895 ], [ -73.455472, 2.47726 ], [ -73.455501, 2.477047 ], [ -73.455695, 2.476902 ], [ -73.456225, 2.47673 ], [ -73.456467, 2.476474 ], [ -73.456454, 2.476335 ], [ -73.456339, 2.476228 ], [ -73.455816, 2.47624 ], [ -73.455558, 2.476142 ], [ -73.455465, 2.475866 ], [ -73.455526, 2.475512 ], [ -73.455787, 2.475283 ], [ -73.45632, 2.475268 ], [ -73.456412, 2.475146 ], [ -73.456251, 2.474853 ], [ -73.455775, 2.474776 ], [ -73.455435, 2.474597 ], [ -73.455406, 2.474443 ], [ -73.455567, 2.474251 ], [ -73.455575, 2.474059 ], [ -73.455257, 2.473567 ], [ -73.455183, 2.472965 ], [ -73.454968, 2.472836 ], [ -73.454563, 2.472969 ], [ -73.45437, 2.472799 ], [ -73.454036, 2.472177 ], [ -73.453728, 2.470966 ], [ -73.453696, 2.470531 ], [ -73.454148, 2.468025 ], [ -73.454152, 2.467605 ], [ -73.453956, 2.466824 ], [ -73.453964, 2.466523 ], [ -73.454421, 2.465888 ], [ -73.454486, 2.465695 ], [ -73.454329, 2.464146 ], [ -73.454216, 2.463934 ], [ -73.453995, 2.463913 ], [ -73.453737, 2.46414 ], [ -73.453565, 2.464512 ], [ -73.453457, 2.464565 ], [ -73.45319, 2.464326 ], [ -73.452983, 2.46394 ], [ -73.452985, 2.463713 ], [ -73.453338, 2.462879 ], [ -73.453303, 2.462666 ], [ -73.452992, 2.462364 ], [ -73.45323, 2.461732 ], [ -73.453195, 2.460514 ], [ -73.4531, 2.460096 ], [ -73.452943, 2.459841 ], [ -73.452779, 2.459765 ], [ -73.452403, 2.45979 ], [ -73.452279, 2.459674 ], [ -73.452435, 2.458403 ], [ -73.452223, 2.457494 ], [ -73.45199, 2.457182 ], [ -73.450626, 2.455956 ], [ -73.450102, 2.455785 ], [ -73.449392, 2.455814 ], [ -73.448556, 2.45616 ], [ -73.448224, 2.456371 ], [ -73.448044, 2.456581 ], [ -73.44794, 2.456911 ], [ -73.44797, 2.457774 ], [ -73.448167, 2.458422 ], [ -73.448085, 2.458518 ], [ -73.447881, 2.458496 ], [ -73.446998, 2.4582 ], [ -73.445799, 2.457915 ], [ -73.445296, 2.457672 ], [ -73.444909, 2.457235 ], [ -73.444388, 2.456082 ], [ -73.444194, 2.455954 ], [ -73.443966, 2.455953 ], [ -73.443751, 2.456093 ], [ -73.443313, 2.456968 ], [ -73.443155, 2.457018 ], [ -73.442976, 2.456963 ], [ -73.441966, 2.455762 ], [ -73.441766, 2.455146 ], [ -73.441833, 2.453123 ], [ -73.441948, 2.452723 ], [ -73.442117, 2.452433 ], [ -73.442544, 2.452113 ], [ -73.445477, 2.450795 ], [ -73.445756, 2.450522 ], [ -73.446122, 2.449906 ], [ -73.44609, 2.449508 ], [ -73.445801, 2.449126 ], [ -73.445679, 2.44875 ], [ -73.445286, 2.448643 ], [ -73.444807, 2.448822 ], [ -73.444646, 2.448713 ], [ -73.443853, 2.447024 ], [ -73.443831, 2.446807 ], [ -73.443957, 2.446777 ], [ -73.444327, 2.447069 ], [ -73.444573, 2.447091 ], [ -73.44468, 2.446905 ], [ -73.444735, 2.446302 ], [ -73.444834, 2.446113 ], [ -73.445089, 2.445979 ], [ -73.445594, 2.446022 ], [ -73.445904, 2.445495 ], [ -73.446243, 2.445096 ], [ -73.446545, 2.444837 ], [ -73.446915, 2.444646 ], [ -73.44706, 2.444629 ], [ -73.447167, 2.444746 ], [ -73.447069, 2.44511 ], [ -73.447109, 2.445196 ], [ -73.447502, 2.444962 ], [ -73.447905, 2.44518 ], [ -73.44817, 2.44517 ], [ -73.448323, 2.444585 ], [ -73.448374, 2.443899 ], [ -73.448498, 2.44353 ], [ -73.448642, 2.443307 ], [ -73.449244, 2.442749 ], [ -73.449374, 2.442533 ], [ -73.449581, 2.44152 ], [ -73.44953, 2.441177 ], [ -73.449256, 2.440934 ], [ -73.448005, 2.44024 ], [ -73.447921, 2.440069 ], [ -73.448221, 2.439684 ], [ -73.448465, 2.439577 ], [ -73.44863, 2.439646 ], [ -73.44904, 2.440079 ], [ -73.449207, 2.44009 ], [ -73.449337, 2.439966 ], [ -73.449625, 2.438952 ], [ -73.449196, 2.437281 ], [ -73.449504, 2.436656 ], [ -73.450258, 2.435646 ], [ -73.450345, 2.435264 ], [ -73.450509, 2.434951 ], [ -73.4505, 2.434693 ], [ -73.450361, 2.434427 ], [ -73.449487, 2.433322 ], [ -73.449371, 2.432992 ], [ -73.449398, 2.432803 ], [ -73.449584, 2.43258 ], [ -73.449904, 2.432496 ], [ -73.45122, 2.432825 ], [ -73.451468, 2.432825 ], [ -73.451707, 2.432715 ], [ -73.452305, 2.43212 ], [ -73.4528, 2.431492 ], [ -73.454089, 2.4294 ], [ -73.454325, 2.42889 ], [ -73.454362, 2.428474 ], [ -73.454074, 2.427969 ], [ -73.454166, 2.427219 ], [ -73.453862, 2.426552 ], [ -73.453777, 2.425929 ], [ -73.45368, 2.425867 ], [ -73.453425, 2.425953 ], [ -73.45301, 2.425923 ], [ -73.452284, 2.425688 ], [ -73.452187, 2.425742 ], [ -73.452051, 2.426014 ], [ -73.451948, 2.426018 ], [ -73.451767, 2.425653 ], [ -73.4514, 2.425174 ], [ -73.45073, 2.423704 ], [ -73.450428, 2.423436 ], [ -73.450017, 2.423341 ], [ -73.450436, 2.422592 ], [ -73.451341, 2.422404 ], [ -73.452073, 2.422387 ], [ -73.452309, 2.422256 ], [ -73.452322, 2.422109 ], [ -73.452212, 2.421948 ], [ -73.451831, 2.42174 ], [ -73.451883, 2.421591 ], [ -73.452257, 2.421277 ], [ -73.452277, 2.421145 ], [ -73.452203, 2.420869 ], [ -73.451769, 2.420542 ], [ -73.451675, 2.419939 ], [ -73.451348, 2.419583 ], [ -73.451312, 2.419381 ], [ -73.451383, 2.419232 ], [ -73.451902, 2.419152 ], [ -73.454115, 2.417615 ], [ -73.454401, 2.417212 ], [ -73.454704, 2.417271 ], [ -73.454855, 2.417153 ], [ -73.454756, 2.416921 ], [ -73.454215, 2.41656 ], [ -73.45378, 2.416043 ], [ -73.453408, 2.415036 ], [ -73.453405, 2.41486 ], [ -73.453529, 2.414756 ], [ -73.453965, 2.414997 ], [ -73.45418, 2.414856 ], [ -73.454274, 2.414461 ], [ -73.454289, 2.413913 ], [ -73.454193, 2.413858 ], [ -73.453929, 2.413968 ], [ -73.453012, 2.414632 ], [ -73.452598, 2.414654 ], [ -73.452429, 2.414241 ], [ -73.45261, 2.412867 ], [ -73.453028, 2.411616 ], [ -73.453484, 2.410938 ], [ -73.455225, 2.409197 ], [ -73.455955, 2.408172 ], [ -73.456203, 2.407367 ], [ -73.456418, 2.406959 ], [ -73.456977, 2.406218 ], [ -73.457421, 2.40614 ], [ -73.457493, 2.405936 ], [ -73.457418, 2.405704 ], [ -73.457037, 2.405191 ], [ -73.45631, 2.404515 ], [ -73.455919, 2.404443 ], [ -73.455299, 2.404545 ], [ -73.455072, 2.404489 ], [ -73.452942, 2.403578 ], [ -73.452925, 2.403393 ], [ -73.453217, 2.403156 ], [ -73.453378, 2.402852 ], [ -73.453402, 2.40265 ], [ -73.453266, 2.402485 ], [ -73.452922, 2.402505 ], [ -73.452568, 2.402722 ], [ -73.451512, 2.403169 ], [ -73.450619, 2.40374 ], [ -73.450304, 2.40387 ], [ -73.449648, 2.40373 ], [ -73.448982, 2.403248 ], [ -73.448911, 2.403079 ], [ -73.448967, 2.40291 ], [ -73.449469, 2.40265 ], [ -73.449648, 2.402438 ], [ -73.449603, 2.401523 ], [ -73.449358, 2.400967 ], [ -73.449345, 2.40078 ], [ -73.449469, 2.400541 ], [ -73.449892, 2.400325 ], [ -73.449932, 2.39994 ], [ -73.449854, 2.399438 ], [ -73.449619, 2.398758 ], [ -73.449045, 2.39781 ], [ -73.448393, 2.396967 ], [ -73.448058, 2.39594 ], [ -73.447707, 2.395634 ], [ -73.447236, 2.395537 ], [ -73.447142, 2.395377 ], [ -73.447128, 2.395096 ], [ -73.447268, 2.394808 ], [ -73.447942, 2.394367 ], [ -73.447889, 2.393816 ], [ -73.447267, 2.392706 ], [ -73.446386, 2.391888 ], [ -73.446115, 2.391824 ], [ -73.44567, 2.392426 ], [ -73.445491, 2.392473 ], [ -73.445253, 2.392324 ], [ -73.445155, 2.391853 ], [ -73.445431, 2.390688 ], [ -73.445335, 2.39032 ], [ -73.445146, 2.390207 ], [ -73.44506, 2.390234 ], [ -73.444914, 2.390475 ], [ -73.44462, 2.390549 ], [ -73.444351, 2.390468 ], [ -73.444082, 2.390263 ], [ -73.444123, 2.390086 ], [ -73.444252, 2.389943 ], [ -73.444573, 2.389742 ], [ -73.445216, 2.389609 ], [ -73.445566, 2.389308 ], [ -73.445567, 2.389122 ], [ -73.445428, 2.389001 ], [ -73.444947, 2.388999 ], [ -73.444558, 2.388851 ], [ -73.444472, 2.388526 ], [ -73.444622, 2.388339 ], [ -73.445078, 2.388251 ], [ -73.445777, 2.388375 ], [ -73.446017, 2.388549 ], [ -73.44638, 2.389063 ], [ -73.446547, 2.389079 ], [ -73.446656, 2.389025 ], [ -73.44684, 2.388399 ], [ -73.447029, 2.38818 ], [ -73.447198, 2.388112 ], [ -73.447457, 2.388403 ], [ -73.447553, 2.388359 ], [ -73.447426, 2.38786 ], [ -73.446373, 2.386945 ], [ -73.446322, 2.38647 ], [ -73.446392, 2.385952 ], [ -73.446851, 2.385722 ], [ -73.449485, 2.385143 ], [ -73.452099, 2.384473 ], [ -73.454621, 2.383519 ], [ -73.455088, 2.383248 ], [ -73.455482, 2.382879 ], [ -73.455679, 2.382378 ], [ -73.455784, 2.381299 ], [ -73.455779, 2.380215 ], [ -73.455645, 2.379138 ], [ -73.455021, 2.3765 ], [ -73.454031, 2.373401 ], [ -73.453591, 2.372412 ], [ -73.453051, 2.371473 ], [ -73.452621, 2.370478 ], [ -73.45181, 2.367892 ], [ -73.451706, 2.366816 ], [ -73.451808, 2.365737 ], [ -73.45161, 2.364674 ], [ -73.450432, 2.361066 ], [ -73.449449, 2.359137 ], [ -73.448718, 2.357096 ], [ -73.448288, 2.356101 ], [ -73.447038, 2.353698 ], [ -73.446836, 2.353196 ], [ -73.446632, 2.352132 ], [ -73.445988, 2.35064 ], [ -73.445782, 2.349577 ], [ -73.445779, 2.34795 ], [ -73.445946, 2.346332 ], [ -73.446186, 2.345275 ], [ -73.446538, 2.344249 ], [ -73.446996, 2.343268 ], [ -73.447935, 2.341946 ], [ -73.450301, 2.339727 ], [ -73.451226, 2.339176 ], [ -73.452239, 2.338803 ], [ -73.454327, 2.338261 ], [ -73.455927, 2.338022 ], [ -73.456735, 2.338014 ], [ -73.458881, 2.33824 ], [ -73.459905, 2.338573 ], [ -73.460847, 2.339097 ], [ -73.461591, 2.33988 ], [ -73.462193, 2.340778 ], [ -73.462643, 2.341764 ], [ -73.462762, 2.342292 ], [ -73.463012, 2.352053 ], [ -73.463141, 2.35313 ], [ -73.463688, 2.354658 ], [ -73.464464, 2.356086 ], [ -73.465766, 2.357816 ], [ -73.466342, 2.358732 ], [ -73.467064, 2.359536 ], [ -73.467884, 2.36024 ], [ -73.468795, 2.360819 ], [ -73.469779, 2.361264 ], [ -73.470816, 2.361555 ], [ -73.473501, 2.361796 ], [ -73.474039, 2.361763 ], [ -73.475084, 2.361498 ], [ -73.477584, 2.360484 ], [ -73.480945, 2.35875 ], [ -73.484916, 2.357055 ], [ -73.485961, 2.356801 ], [ -73.489994, 2.357091 ], [ -73.491588, 2.356832 ], [ -73.492932, 2.356837 ], [ -73.496119, 2.357397 ], [ -73.497141, 2.357739 ], [ -73.498095, 2.358242 ], [ -73.498627, 2.358322 ], [ -73.502359, 2.35777 ], [ -73.503414, 2.357542 ], [ -73.504442, 2.357216 ], [ -73.505408, 2.356735 ], [ -73.506291, 2.356114 ], [ -73.507013, 2.355312 ], [ -73.507838, 2.353912 ], [ -73.508303, 2.352934 ], [ -73.508588, 2.35189 ], [ -73.508662, 2.349722 ], [ -73.508472, 2.348659 ], [ -73.507342, 2.346197 ], [ -73.505916, 2.343896 ], [ -73.505476, 2.342906 ], [ -73.505148, 2.341873 ], [ -73.50497, 2.340805 ], [ -73.504886, 2.338095 ], [ -73.504969, 2.337561 ], [ -73.505171, 2.337058 ], [ -73.505708, 2.336118 ], [ -73.506353, 2.335248 ], [ -73.507195, 2.334576 ], [ -73.508629, 2.333824 ], [ -73.509641, 2.333451 ], [ -73.511746, 2.332979 ], [ -73.51282, 2.332998 ], [ -73.51387, 2.333246 ], [ -73.515397, 2.333778 ], [ -73.516343, 2.334297 ], [ -73.517221, 2.334927 ], [ -73.517632, 2.335279 ], [ -73.518351, 2.336086 ], [ -73.518624, 2.336553 ], [ -73.518743, 2.33708 ], [ -73.518733, 2.337622 ], [ -73.518546, 2.33869 ], [ -73.51827, 2.339739 ], [ -73.517903, 2.340759 ], [ -73.517423, 2.34173 ], [ -73.515418, 2.344947 ], [ -73.514772, 2.346438 ], [ -73.514261, 2.347982 ], [ -73.514078, 2.34905 ], [ -73.514076, 2.349592 ], [ -73.514236, 2.3523 ], [ -73.514394, 2.353373 ], [ -73.514752, 2.354394 ], [ -73.515573, 2.355794 ], [ -73.518477, 2.358999 ], [ -73.519099, 2.35988 ], [ -73.521677, 2.365255 ], [ -73.522616, 2.367616 ], [ -73.51705, 2.372608 ], [ -73.514476, 2.376395 ], [ -73.512177, 2.380389 ], [ -73.510382, 2.384615 ], [ -73.508794, 2.388863 ], [ -73.507779, 2.393272 ], [ -73.507337, 2.39782 ], [ -73.506063, 2.407009 ], [ -73.503889, 2.420606 ], [ -73.50386, 2.425177 ], [ -73.504163, 2.439051 ], [ -73.503951, 2.443576 ], [ -73.503187, 2.448285 ], [ -73.500463, 2.461768 ], [ -73.499952, 2.466362 ], [ -73.498265, 2.475366 ], [ -73.497755, 2.479844 ], [ -73.49768, 2.484438 ], [ -73.497421, 2.489148 ], [ -73.497554, 2.497203 ], [ -73.497011, 2.497289 ], [ -73.496756, 2.49723 ], [ -73.496442, 2.497 ], [ -73.496106, 2.496501 ], [ -73.495611, 2.496658 ], [ -73.495423, 2.496639 ], [ -73.495347, 2.496522 ], [ -73.495324, 2.496178 ], [ -73.494994, 2.495528 ], [ -73.494815, 2.495338 ], [ -73.494647, 2.495309 ], [ -73.494017, 2.49544 ], [ -73.493893, 2.495356 ], [ -73.493783, 2.495021 ], [ -73.493648, 2.494882 ], [ -73.492991, 2.494904 ], [ -73.492278, 2.494651 ], [ -73.491979, 2.494641 ], [ -73.491665, 2.495245 ], [ -73.491416, 2.495383 ], [ -73.490942, 2.495493 ], [ -73.49058, 2.495804 ], [ -73.490488, 2.496076 ], [ -73.490687, 2.496712 ], [ -73.49063, 2.497072 ], [ -73.490502, 2.497319 ], [ -73.490283, 2.497516 ], [ -73.489566, 2.497812 ], [ -73.489538, 2.497932 ], [ -73.489694, 2.498143 ], [ -73.489638, 2.498312 ], [ -73.489481, 2.498391 ], [ -73.489143, 2.498402 ], [ -73.488069, 2.49823 ], [ -73.487753, 2.498375 ], [ -73.487629, 2.498894 ], [ -73.48766, 2.499259 ], [ -73.487779, 2.499606 ], [ -73.488153, 2.499885 ], [ -73.488142, 2.500211 ], [ -73.48794, 2.500467 ], [ -73.487123, 2.500999 ], [ -73.486657, 2.501397 ], [ -73.486404, 2.501702 ], [ -73.486254, 2.502034 ], [ -73.486159, 2.502084 ], [ -73.485792, 2.50205 ], [ -73.485371, 2.501894 ], [ -73.483836, 2.500685 ], [ -73.483596, 2.500387 ], [ -73.483451, 2.500064 ], [ -73.483481, 2.499471 ], [ -73.483309, 2.499216 ], [ -73.483025, 2.499234 ], [ -73.482295, 2.499502 ], [ -73.481053, 2.499336 ], [ -73.480549, 2.499387 ], [ -73.480242, 2.499499 ], [ -73.479962, 2.499795 ], [ -73.480022, 2.500245 ], [ -73.479707, 2.500455 ], [ -73.4796, 2.50076 ], [ -73.479469, 2.50083 ], [ -73.479212, 2.500744 ], [ -73.479094, 2.500822 ], [ -73.479074, 2.501751 ], [ -73.478895, 2.501915 ], [ -73.478126, 2.501597 ], [ -73.477772, 2.501288 ], [ -73.477638, 2.501356 ], [ -73.477519, 2.501683 ], [ -73.477251, 2.501702 ], [ -73.477098, 2.50154 ], [ -73.477012, 2.501187 ], [ -73.476879, 2.50108 ], [ -73.476727, 2.501122 ], [ -73.476471, 2.501394 ], [ -73.47626, 2.501421 ], [ -73.476158, 2.501287 ], [ -73.476144, 2.500933 ], [ -73.476059, 2.500726 ], [ -73.475452, 2.50026 ], [ -73.475517, 2.49983 ], [ -73.474732, 2.499667 ], [ -73.474425, 2.499699 ], [ -73.474068, 2.499923 ], [ -73.473779, 2.500286 ], [ -73.473785, 2.50049 ], [ -73.474048, 2.500819 ], [ -73.47405, 2.500968 ], [ -73.473966, 2.501088 ], [ -73.473728, 2.501125 ], [ -73.47309, 2.500858 ], [ -73.47274, 2.500913 ], [ -73.472525, 2.501056 ], [ -73.472537, 2.501213 ], [ -73.473029, 2.50148 ], [ -73.47311, 2.50166 ], [ -73.472864, 2.502345 ], [ -73.472891, 2.503242 ], [ -73.472731, 2.503887 ], [ -73.472448, 2.504589 ], [ -73.472141, 2.5048 ], [ -73.470407, 2.504359 ], [ -73.470065, 2.504111 ], [ -73.469385, 2.503405 ], [ -73.469205, 2.502862 ], [ -73.469245, 2.502108 ], [ -73.469374, 2.5019 ], [ -73.469853, 2.501692 ], [ -73.469971, 2.501496 ], [ -73.469884, 2.501329 ], [ -73.469661, 2.501247 ] ] ] } },
{ "type": "Feature", "properties": { "vid": 18, "nombre": "La Orquidea" }, "geometry": { "type": "Polygon", "coordinates": [ [ [ -73.526116, 2.085888 ], [ -73.533065, 2.087665 ], [ -73.538527, 2.088964 ], [ -73.540183, 2.089747 ], [ -73.542479, 2.090531 ], [ -73.545973, 2.091272 ], [ -73.547942, 2.091459 ], [ -73.554686, 2.092525 ], [ -73.557212, 2.092988 ], [ -73.56047, 2.09336 ], [ -73.563629, 2.093274 ], [ -73.571197, 2.093789 ], [ -73.574363, 2.094713 ], [ -73.576248, 2.095129 ], [ -73.578903, 2.095363 ], [ -73.587103, 2.096793 ], [ -73.587559, 2.154394 ], [ -73.5817, 2.154505 ], [ -73.568152, 2.157711 ], [ -73.557457, 2.161274 ], [ -73.527628, 2.161512 ], [ -73.498393, 2.165074 ], [ -73.496967, 2.141561 ], [ -73.498393, 2.12731 ], [ -73.505524, 2.112346 ], [ -73.526116, 2.085888 ] ] ] } },
{ "type": "Feature", "properties": { "vid": 19, "nombre": "La Reforma" }, "geometry": { "type": "Polygon", "coordinates": [ [ [ -73.338517, 2.543021 ], [ -73.333441, 2.543023 ], [ -73.332454, 2.542907 ], [ -73.332218, 2.543023 ], [ -73.096802, 2.543078 ], [ -73.106771, 2.540144 ], [ -73.113138, 2.537829 ], [ -73.117106, 2.536811 ], [ -73.120889, 2.536257 ], [ -73.123011, 2.535656 ], [ -73.124672, 2.53459 ], [ -73.13233, 2.533528 ], [ -73.137451, 2.532464 ], [ -73.145201, 2.531681 ], [ -73.148985, 2.530338 ], [ -73.15623, 2.524961 ], [ -73.164673, 2.523111 ], [ -73.170672, 2.520146 ], [ -73.174087, 2.517179 ], [ -73.175702, 2.516252 ], [ -73.180592, 2.51644 ], [ -73.185437, 2.513892 ], [ -73.190099, 2.508791 ], [ -73.188812, 2.501971 ], [ -73.188492, 2.49631 ], [ -73.18845, 2.489305 ], [ -73.189239, 2.482068 ], [ -73.193254, 2.479565 ], [ -73.193868, 2.47936 ], [ -73.193886, 2.479821 ], [ -73.194105, 2.480417 ], [ -73.19439, 2.48088 ], [ -73.195179, 2.481521 ], [ -73.19553, 2.481543 ], [ -73.195881, 2.481389 ], [ -73.19676, 2.48011 ], [ -73.197067, 2.48011 ], [ -73.197418, 2.48022 ], [ -73.197703, 2.480375 ], [ -73.197922, 2.480596 ], [ -73.198097, 2.480883 ], [ -73.19825, 2.481964 ], [ -73.198294, 2.482516 ], [ -73.198158, 2.483687 ], [ -73.198213, 2.484111 ], [ -73.198413, 2.484616 ], [ -73.198848, 2.485096 ], [ -73.19912, 2.485188 ], [ -73.199231, 2.485158 ], [ -73.199422, 2.484896 ], [ -73.199256, 2.484457 ], [ -73.198869, 2.48395 ], [ -73.198878, 2.48356 ], [ -73.199106, 2.483166 ], [ -73.199745, 2.48297 ], [ -73.201174, 2.482815 ], [ -73.201427, 2.482867 ], [ -73.20167, 2.483028 ], [ -73.202241, 2.484062 ], [ -73.203007, 2.485894 ], [ -73.203577, 2.486667 ], [ -73.203665, 2.487086 ], [ -73.203664, 2.488079 ], [ -73.203817, 2.488674 ], [ -73.20408, 2.489182 ], [ -73.204409, 2.489668 ], [ -73.204869, 2.490065 ], [ -73.205461, 2.49044 ], [ -73.205899, 2.490904 ], [ -73.206162, 2.491412 ], [ -73.206425, 2.492228 ], [ -73.206796, 2.494412 ], [ -73.207234, 2.495604 ], [ -73.207507, 2.49693 ], [ -73.20776, 2.497083 ], [ -73.208082, 2.496991 ], [ -73.208638, 2.496223 ], [ -73.208945, 2.495605 ], [ -73.209494, 2.494944 ], [ -73.210276, 2.493737 ], [ -73.210553, 2.493613 ], [ -73.210931, 2.493662 ], [ -73.211228, 2.493974 ], [ -73.211534, 2.494548 ], [ -73.213703, 2.499381 ], [ -73.214755, 2.501014 ], [ -73.2155, 2.501875 ], [ -73.216179, 2.502515 ], [ -73.216815, 2.502913 ], [ -73.217298, 2.50309 ], [ -73.217715, 2.503002 ], [ -73.218066, 2.502715 ], [ -73.218417, 2.502142 ], [ -73.218637, 2.501193 ], [ -73.218682, 2.500223 ], [ -73.218572, 2.499428 ], [ -73.218288, 2.4987 ], [ -73.217392, 2.496959 ], [ -73.215815, 2.494145 ], [ -73.215207, 2.492921 ], [ -73.214961, 2.492159 ], [ -73.214961, 2.491481 ], [ -73.215077, 2.490885 ], [ -73.215324, 2.490389 ], [ -73.215719, 2.489976 ], [ -73.216114, 2.489827 ], [ -73.21641, 2.490026 ], [ -73.216837, 2.490837 ], [ -73.217182, 2.491284 ], [ -73.220339, 2.493354 ], [ -73.221556, 2.494033 ], [ -73.222642, 2.494266 ], [ -73.222988, 2.494167 ], [ -73.223218, 2.493952 ], [ -73.223333, 2.493488 ], [ -73.223548, 2.493058 ], [ -73.223926, 2.492562 ], [ -73.224668, 2.490941 ], [ -73.225838, 2.487318 ], [ -73.227058, 2.48396 ], [ -73.227865, 2.482339 ], [ -73.228161, 2.482058 ], [ -73.228457, 2.481942 ], [ -73.228655, 2.482025 ], [ -73.228786, 2.482373 ], [ -73.228901, 2.483068 ], [ -73.229261, 2.486113 ], [ -73.229211, 2.486774 ], [ -73.229309, 2.487867 ], [ -73.229457, 2.488131 ], [ -73.229802, 2.488413 ], [ -73.230986, 2.488728 ], [ -73.232335, 2.488828 ], [ -73.232632, 2.488762 ], [ -73.232747, 2.488597 ], [ -73.232369, 2.487455 ], [ -73.232353, 2.486992 ], [ -73.232551, 2.48671 ], [ -73.233225, 2.486529 ], [ -73.234212, 2.486596 ], [ -73.234887, 2.486497 ], [ -73.23543, 2.486315 ], [ -73.23696, 2.485456 ], [ -73.237405, 2.48534 ], [ -73.237799, 2.48534 ], [ -73.238046, 2.485506 ], [ -73.238062, 2.486085 ], [ -73.237831, 2.487657 ], [ -73.237485, 2.488616 ], [ -73.237304, 2.488649 ], [ -73.237106, 2.4885 ], [ -73.236646, 2.487772 ], [ -73.236317, 2.487491 ], [ -73.235462, 2.487341 ], [ -73.234936, 2.487357 ], [ -73.234343, 2.487456 ], [ -73.23408, 2.487688 ], [ -73.233997, 2.488763 ], [ -73.234095, 2.489971 ], [ -73.234374, 2.491146 ], [ -73.234604, 2.491461 ], [ -73.234884, 2.49151 ], [ -73.23546, 2.491163 ], [ -73.235789, 2.490849 ], [ -73.237303, 2.490089 ], [ -73.237484, 2.489791 ], [ -73.23811, 2.48913 ], [ -73.238784, 2.488799 ], [ -73.239771, 2.48875 ], [ -73.240232, 2.488519 ], [ -73.241252, 2.488271 ], [ -73.241943, 2.488272 ], [ -73.242486, 2.488305 ], [ -73.24293, 2.488421 ], [ -73.24349, 2.488604 ], [ -73.24395, 2.488869 ], [ -73.244131, 2.489134 ], [ -73.244196, 2.489531 ], [ -73.244098, 2.489845 ], [ -73.243768, 2.490424 ], [ -73.242895, 2.491648 ], [ -73.242879, 2.492028 ], [ -73.243076, 2.492757 ], [ -73.242976, 2.493964 ], [ -73.243042, 2.494213 ], [ -73.24319, 2.494378 ], [ -73.244078, 2.494462 ], [ -73.244473, 2.494644 ], [ -73.244654, 2.495024 ], [ -73.245443, 2.495902 ], [ -73.245771, 2.496547 ], [ -73.246084, 2.496928 ], [ -73.246906, 2.497657 ], [ -73.24735, 2.497839 ], [ -73.247778, 2.497939 ], [ -73.248008, 2.497906 ], [ -73.248156, 2.49774 ], [ -73.248009, 2.496714 ], [ -73.248173, 2.4964 ], [ -73.248437, 2.496152 ], [ -73.249358, 2.495574 ], [ -73.249671, 2.495458 ], [ -73.249951, 2.495508 ], [ -73.250164, 2.495706 ], [ -73.250756, 2.496716 ], [ -73.250937, 2.497196 ], [ -73.25087, 2.498238 ], [ -73.251018, 2.498569 ], [ -73.251232, 2.498702 ], [ -73.251643, 2.498454 ], [ -73.252285, 2.497859 ], [ -73.252746, 2.497644 ], [ -73.253322, 2.497578 ], [ -73.253848, 2.497612 ], [ -73.25426, 2.497843 ], [ -73.254999, 2.498456 ], [ -73.255147, 2.498738 ], [ -73.255049, 2.499002 ], [ -73.254505, 2.499449 ], [ -73.254225, 2.499796 ], [ -73.254027, 2.500838 ], [ -73.254093, 2.501318 ], [ -73.254191, 2.501533 ], [ -73.254389, 2.501517 ], [ -73.254603, 2.501302 ], [ -73.254784, 2.500789 ], [ -73.254932, 2.50064 ], [ -73.255097, 2.500607 ], [ -73.255607, 2.500872 ], [ -73.256051, 2.501319 ], [ -73.255968, 2.501716 ], [ -73.255228, 2.501948 ], [ -73.254586, 2.502245 ], [ -73.254471, 2.502444 ], [ -73.254454, 2.502675 ], [ -73.254536, 2.502973 ], [ -73.25475, 2.503205 ], [ -73.256411, 2.503123 ], [ -73.25674, 2.50319 ], [ -73.2573, 2.503521 ], [ -73.257743, 2.504001 ], [ -73.257776, 2.504315 ], [ -73.257512, 2.505242 ], [ -73.257562, 2.505424 ], [ -73.257743, 2.505556 ], [ -73.258417, 2.505838 ], [ -73.259206, 2.505921 ], [ -73.260013, 2.505756 ], [ -73.260753, 2.505426 ], [ -73.260901, 2.505178 ], [ -73.260885, 2.504913 ], [ -73.260737, 2.504731 ], [ -73.260079, 2.504449 ], [ -73.259783, 2.504234 ], [ -73.259619, 2.504002 ], [ -73.259438, 2.503324 ], [ -73.259307, 2.503175 ], [ -73.259027, 2.503026 ], [ -73.258205, 2.503025 ], [ -73.257909, 2.502909 ], [ -73.257761, 2.502661 ], [ -73.257761, 2.502379 ], [ -73.257975, 2.501403 ], [ -73.258157, 2.501106 ], [ -73.258667, 2.500709 ], [ -73.259424, 2.500511 ], [ -73.261102, 2.500479 ], [ -73.261365, 2.500611 ], [ -73.261431, 2.500893 ], [ -73.261414, 2.50119 ], [ -73.26115, 2.501935 ], [ -73.261117, 2.502233 ], [ -73.261166, 2.502481 ], [ -73.261314, 2.50263 ], [ -73.26161, 2.502713 ], [ -73.261939, 2.502713 ], [ -73.262153, 2.50263 ], [ -73.262334, 2.502415 ], [ -73.262466, 2.502101 ], [ -73.262681, 2.501158 ], [ -73.262911, 2.500993 ], [ -73.263224, 2.500976 ], [ -73.263717, 2.501208 ], [ -73.264276, 2.501738 ], [ -73.264309, 2.502036 ], [ -73.26421, 2.503095 ], [ -73.264456, 2.503558 ], [ -73.264949, 2.503873 ], [ -73.265229, 2.50389 ], [ -73.265459, 2.503791 ], [ -73.266546, 2.502964 ], [ -73.267105, 2.502617 ], [ -73.26755, 2.502452 ], [ -73.26806, 2.502402 ], [ -73.268285, 2.502485 ], [ -73.269376, 2.502552 ], [ -73.269721, 2.502453 ], [ -73.270083, 2.502007 ], [ -73.270363, 2.501858 ], [ -73.270577, 2.501908 ], [ -73.270791, 2.502421 ], [ -73.271547, 2.50348 ], [ -73.272501, 2.503994 ], [ -73.274129, 2.504723 ], [ -73.27426, 2.504905 ], [ -73.274244, 2.50512 ], [ -73.273668, 2.505252 ], [ -73.273141, 2.505649 ], [ -73.272121, 2.506029 ], [ -73.272022, 2.506525 ], [ -73.27217, 2.50674 ], [ -73.272384, 2.506873 ], [ -73.272696, 2.506906 ], [ -73.273009, 2.506857 ], [ -73.273223, 2.506708 ], [ -73.273404, 2.506427 ], [ -73.273816, 2.506096 ], [ -73.274062, 2.506096 ], [ -73.27449, 2.506394 ], [ -73.274786, 2.507023 ], [ -73.274851, 2.507304 ], [ -73.274769, 2.507536 ], [ -73.274571, 2.507619 ], [ -73.273946, 2.507486 ], [ -73.273716, 2.507535 ], [ -73.273551, 2.507668 ], [ -73.27342, 2.507916 ], [ -73.273485, 2.508131 ], [ -73.273716, 2.508247 ], [ -73.27462, 2.508347 ], [ -73.274916, 2.508562 ], [ -73.27513, 2.508877 ], [ -73.275196, 2.509274 ], [ -73.275096, 2.510236 ], [ -73.275197, 2.510675 ], [ -73.276287, 2.512153 ], [ -73.276447, 2.512256 ], [ -73.276593, 2.512241 ], [ -73.276695, 2.512124 ], [ -73.276986, 2.511554 ], [ -73.27767, 2.510764 ], [ -73.280288, 2.509844 ], [ -73.280666, 2.509581 ], [ -73.281379, 2.508836 ], [ -73.281874, 2.508456 ], [ -73.28218, 2.50831 ], [ -73.2825, 2.508266 ], [ -73.283169, 2.508413 ], [ -73.283896, 2.50872 ], [ -73.28484, 2.509613 ], [ -73.285582, 2.510067 ], [ -73.286076, 2.510506 ], [ -73.286919, 2.511662 ], [ -73.287384, 2.512701 ], [ -73.287398, 2.512862 ], [ -73.287296, 2.512964 ], [ -73.286511, 2.513212 ], [ -73.285725, 2.513665 ], [ -73.284271, 2.513577 ], [ -73.284082, 2.513825 ], [ -73.284096, 2.514103 ], [ -73.284212, 2.514308 ], [ -73.284503, 2.514542 ], [ -73.285332, 2.51504 ], [ -73.285971, 2.515333 ], [ -73.286655, 2.515626 ], [ -73.287417, 2.515838 ], [ -73.287832, 2.516226 ], [ -73.287555, 2.51667 ], [ -73.28653, 2.51788 ], [ -73.286101, 2.518617 ], [ -73.286018, 2.518909 ], [ -73.286046, 2.519118 ], [ -73.286433, 2.51948 ], [ -73.286695, 2.519536 ], [ -73.28718, 2.519369 ], [ -73.288121, 2.51873 ], [ -73.28967, 2.517423 ], [ -73.290756, 2.515995 ], [ -73.291178, 2.51557 ], [ -73.291483, 2.515424 ], [ -73.291687, 2.515454 ], [ -73.291831, 2.515704 ], [ -73.291814, 2.517049 ], [ -73.291177, 2.51933 ], [ -73.291163, 2.519622 ], [ -73.291508, 2.519984 ], [ -73.292255, 2.520151 ], [ -73.293403, 2.520152 ], [ -73.293929, 2.520236 ], [ -73.294205, 2.520138 ], [ -73.294662, 2.519596 ], [ -73.294801, 2.519221 ], [ -73.295299, 2.518567 ], [ -73.29559, 2.517955 ], [ -73.297116, 2.515983 ], [ -73.297518, 2.515662 ], [ -73.297926, 2.515165 ], [ -73.298043, 2.514565 ], [ -73.298043, 2.51417 ], [ -73.297724, 2.512883 ], [ -73.297215, 2.511932 ], [ -73.297143, 2.51161 ], [ -73.297172, 2.511288 ], [ -73.297463, 2.510308 ], [ -73.29822, 2.509738 ], [ -73.298438, 2.509695 ], [ -73.299558, 2.509739 ], [ -73.299762, 2.509827 ], [ -73.299936, 2.510017 ], [ -73.299994, 2.510719 ], [ -73.299833, 2.511334 ], [ -73.299833, 2.511919 ], [ -73.299964, 2.512197 ], [ -73.300211, 2.512475 ], [ -73.300531, 2.512592 ], [ -73.30088, 2.512592 ], [ -73.301738, 2.512227 ], [ -73.302131, 2.512227 ], [ -73.302814, 2.512403 ], [ -73.303163, 2.512667 ], [ -73.303512, 2.513062 ], [ -73.303512, 2.513252 ], [ -73.30341, 2.513398 ], [ -73.302915, 2.513632 ], [ -73.302231, 2.514275 ], [ -73.301722, 2.515006 ], [ -73.301576, 2.515386 ], [ -73.301678, 2.515547 ], [ -73.302104, 2.515747 ], [ -73.303612, 2.517473 ], [ -73.303833, 2.517557 ], [ -73.30429, 2.517529 ], [ -73.304539, 2.517293 ], [ -73.304608, 2.517098 ], [ -73.304587, 2.516001 ], [ -73.305402, 2.514277 ], [ -73.306581, 2.512669 ], [ -73.307469, 2.511645 ], [ -73.307963, 2.511573 ], [ -73.308472, 2.511748 ], [ -73.309417, 2.512451 ], [ -73.311074, 2.513929 ], [ -73.311016, 2.514134 ], [ -73.31023, 2.51447 ], [ -73.309764, 2.514952 ], [ -73.30959, 2.51526 ], [ -73.309327, 2.516043 ], [ -73.309132, 2.516367 ], [ -73.309118, 2.516576 ], [ -73.309242, 2.516854 ], [ -73.309546, 2.517035 ], [ -73.311026, 2.517119 ], [ -73.311441, 2.517342 ], [ -73.311731, 2.51769 ], [ -73.31209, 2.518845 ], [ -73.312297, 2.519026 ], [ -73.312491, 2.519026 ], [ -73.312823, 2.518859 ], [ -73.314401, 2.517121 ], [ -73.314549, 2.515131 ], [ -73.314637, 2.514707 ], [ -73.314753, 2.514517 ], [ -73.315422, 2.51399 ], [ -73.315859, 2.51402 ], [ -73.316019, 2.514152 ], [ -73.316207, 2.514488 ], [ -73.31644, 2.515103 ], [ -73.316454, 2.515278 ], [ -73.316206, 2.515773 ], [ -73.316162, 2.516009 ], [ -73.316448, 2.51639 ], [ -73.316484, 2.516637 ], [ -73.316442, 2.516961 ], [ -73.316234, 2.517503 ], [ -73.316224, 2.517764 ], [ -73.316493, 2.518015 ], [ -73.317738, 2.518683 ], [ -73.318049, 2.519048 ], [ -73.318287, 2.519122 ], [ -73.318598, 2.51908 ], [ -73.31974, 2.518173 ], [ -73.319916, 2.518111 ], [ -73.320196, 2.518246 ], [ -73.320341, 2.518779 ], [ -73.32032, 2.518977 ], [ -73.319926, 2.519321 ], [ -73.31949, 2.519498 ], [ -73.31921, 2.519779 ], [ -73.319118, 2.520268 ], [ -73.319614, 2.52098 ], [ -73.320693, 2.52121 ], [ -73.320973, 2.521366 ], [ -73.321045, 2.521627 ], [ -73.321024, 2.522222 ], [ -73.32091, 2.522577 ], [ -73.320702, 2.522764 ], [ -73.320391, 2.522848 ], [ -73.319623, 2.522837 ], [ -73.319198, 2.522722 ], [ -73.318451, 2.5227 ], [ -73.317911, 2.522982 ], [ -73.317973, 2.52391 ], [ -73.318108, 2.524244 ], [ -73.318284, 2.524443 ], [ -73.318585, 2.524537 ], [ -73.320442, 2.524715 ], [ -73.321302, 2.524903 ], [ -73.323186, 2.525157 ], [ -73.324507, 2.525771 ], [ -73.324735, 2.525949 ], [ -73.324995, 2.526502 ], [ -73.325243, 2.526658 ], [ -73.325721, 2.526732 ], [ -73.326052, 2.526868 ], [ -73.326477, 2.527389 ], [ -73.326467, 2.527661 ], [ -73.32627, 2.528015 ], [ -73.32602, 2.528234 ], [ -73.325439, 2.528422 ], [ -73.324724, 2.528432 ], [ -73.324444, 2.528359 ], [ -73.324153, 2.528567 ], [ -73.323893, 2.529099 ], [ -73.323686, 2.529673 ], [ -73.323737, 2.530215 ], [ -73.324006, 2.530904 ], [ -73.324099, 2.532323 ], [ -73.324337, 2.532928 ], [ -73.324628, 2.533262 ], [ -73.32582, 2.534139 ], [ -73.326224, 2.534672 ], [ -73.326639, 2.535642 ], [ -73.327479, 2.536217 ], [ -73.3278, 2.536363 ], [ -73.327997, 2.536352 ], [ -73.328111, 2.536227 ], [ -73.328164, 2.535737 ], [ -73.328278, 2.535528 ], [ -73.328465, 2.535393 ], [ -73.328745, 2.53532 ], [ -73.329201, 2.535299 ], [ -73.32946, 2.535404 ], [ -73.329937, 2.536103 ], [ -73.330238, 2.536187 ], [ -73.330508, 2.536166 ], [ -73.330871, 2.535916 ], [ -73.330788, 2.535029 ], [ -73.330903, 2.534706 ], [ -73.33109, 2.534654 ], [ -73.331318, 2.534696 ], [ -73.331961, 2.535259 ], [ -73.332292, 2.535385 ], [ -73.332759, 2.535354 ], [ -73.333672, 2.534968 ], [ -73.334347, 2.535083 ], [ -73.334658, 2.535449 ], [ -73.335518, 2.537244 ], [ -73.335704, 2.538183 ], [ -73.33587, 2.538517 ], [ -73.336513, 2.538872 ], [ -73.336658, 2.538851 ], [ -73.336699, 2.538757 ], [ -73.336492, 2.538048 ], [ -73.336534, 2.537755 ], [ -73.3367, 2.537505 ], [ -73.337063, 2.537213 ], [ -73.337468, 2.537067 ], [ -73.337758, 2.537015 ], [ -73.337935, 2.537109 ], [ -73.337976, 2.537203 ], [ -73.337914, 2.537454 ], [ -73.337696, 2.53785 ], [ -73.337696, 2.538173 ], [ -73.337841, 2.538601 ], [ -73.338224, 2.539259 ], [ -73.338483, 2.539499 ], [ -73.339064, 2.53976 ], [ -73.339092, 2.539946 ], [ -73.339044, 2.540043 ], [ -73.337767, 2.540667 ], [ -73.337486, 2.540969 ], [ -73.337455, 2.541522 ], [ -73.338004, 2.542493 ], [ -73.338517, 2.543021 ] ] ] } },
{ "type": "Feature", "properties": { "vid": 20, "nombre": "La Tigra" }, "geometry": { "type": "Polygon", "coordinates": [ [ [ -73.018202, 2.427208 ], [ -73.019659, 2.425778 ], [ -73.021349, 2.424647 ], [ -73.024167, 2.421817 ], [ -73.025164, 2.420609 ], [ -73.026092, 2.419297 ], [ -73.026883, 2.417675 ], [ -73.027777, 2.416121 ], [ -73.02874, 2.414844 ], [ -73.030355, 2.413636 ], [ -73.031866, 2.412843 ], [ -73.032793, 2.412567 ], [ -73.033892, 2.412603 ], [ -73.034819, 2.412984 ], [ -73.035196, 2.413744 ], [ -73.035504, 2.415195 ], [ -73.035949, 2.417958 ], [ -73.036628, 2.425758 ], [ -73.037051, 2.429015 ], [ -73.037924, 2.432898 ], [ -73.040572, 2.436291 ], [ -73.042046, 2.43745 ], [ -73.043089, 2.437958 ], [ -73.044168, 2.438085 ], [ -73.04523, 2.437923 ], [ -73.046274, 2.437272 ], [ -73.046968, 2.436543 ], [ -73.049519, 2.431071 ], [ -73.051179, 2.429213 ], [ -73.05369, 2.427356 ], [ -73.055809, 2.42635 ], [ -73.057375, 2.426232 ], [ -73.059209, 2.426356 ], [ -73.061885, 2.427138 ], [ -73.063823, 2.427241 ], [ -73.065307, 2.427148 ], [ -73.066533, 2.42698 ], [ -73.067574, 2.426471 ], [ -73.069097, 2.425425 ], [ -73.071908, 2.423217 ], [ -73.072894, 2.422173 ], [ -73.075378, 2.41999 ], [ -73.076229, 2.419068 ], [ -73.078699, 2.417726 ], [ -73.079117, 2.417387 ], [ -73.079941, 2.416478 ], [ -73.080711, 2.41542 ], [ -73.081413, 2.414661 ], [ -73.08229, 2.414322 ], [ -73.082722, 2.414391 ], [ -73.0831, 2.414581 ], [ -73.084124, 2.41545 ], [ -73.08492, 2.415953 ], [ -73.085446, 2.416157 ], [ -73.086377, 2.416293 ], [ -73.087537, 2.41624 ], [ -73.088576, 2.416023 ], [ -73.088873, 2.415798 ], [ -73.089076, 2.415454 ], [ -73.089508, 2.414355 ], [ -73.089778, 2.414016 ], [ -73.090359, 2.413555 ], [ -73.090804, 2.413392 ], [ -73.091155, 2.413352 ], [ -73.091492, 2.41342 ], [ -73.091883, 2.413827 ], [ -73.092004, 2.41418 ], [ -73.092004, 2.414479 ], [ -73.091599, 2.415686 ], [ -73.091571, 2.416066 ], [ -73.091666, 2.41646 ], [ -73.092137, 2.417369 ], [ -73.092231, 2.417736 ], [ -73.091866, 2.419405 ], [ -73.091906, 2.419785 ], [ -73.092054, 2.420233 ], [ -73.092283, 2.420613 ], [ -73.092998, 2.421414 ], [ -73.094696, 2.423085 ], [ -73.095707, 2.424849 ], [ -73.09626, 2.425637 ], [ -73.096651, 2.425895 ], [ -73.097581, 2.426289 ], [ -73.097959, 2.426629 ], [ -73.098673, 2.427389 ], [ -73.099172, 2.428272 ], [ -73.099765, 2.428842 ], [ -73.100656, 2.429101 ], [ -73.101451, 2.429481 ], [ -73.101937, 2.429767 ], [ -73.103353, 2.430908 ], [ -73.103663, 2.431016 ], [ -73.104931, 2.431139 ], [ -73.105376, 2.431303 ], [ -73.106644, 2.431575 ], [ -73.108169, 2.431793 ], [ -73.108857, 2.432065 ], [ -73.109086, 2.432228 ], [ -73.109275, 2.432554 ], [ -73.109274, 2.433219 ], [ -73.109139, 2.433558 ], [ -73.109098, 2.433952 ], [ -73.109192, 2.434345 ], [ -73.109449, 2.434508 ], [ -73.109799, 2.434563 ], [ -73.110164, 2.434441 ], [ -73.11146, 2.433628 ], [ -73.112108, 2.433126 ], [ -73.115293, 2.431432 ], [ -73.116319, 2.431066 ], [ -73.116993, 2.431012 ], [ -73.117209, 2.430918 ], [ -73.118397, 2.429575 ], [ -73.11856, 2.429276 ], [ -73.118654, 2.428571 ], [ -73.119654, 2.427527 ], [ -73.119883, 2.427106 ], [ -73.119992, 2.426482 ], [ -73.120154, 2.426224 ], [ -73.120559, 2.425926 ], [ -73.12095, 2.425831 ], [ -73.121395, 2.42594 ], [ -73.121773, 2.426198 ], [ -73.12358, 2.427909 ], [ -73.123957, 2.428181 ], [ -73.124308, 2.42829 ], [ -73.124605, 2.42829 ], [ -73.125374, 2.42806 ], [ -73.125833, 2.42802 ], [ -73.126669, 2.428088 ], [ -73.128005, 2.428333 ], [ -73.128221, 2.428293 ], [ -73.12841, 2.42813 ], [ -73.128531, 2.427872 ], [ -73.12868, 2.427112 ], [ -73.128883, 2.426855 ], [ -73.129166, 2.426733 ], [ -73.129976, 2.426747 ], [ -73.1303, 2.426638 ], [ -73.130867, 2.426055 ], [ -73.131002, 2.42577 ], [ -73.131151, 2.424631 ], [ -73.131097, 2.424033 ], [ -73.130774, 2.423138 ], [ -73.130654, 2.422079 ], [ -73.130708, 2.421862 ], [ -73.130883, 2.421726 ], [ -73.131153, 2.421767 ], [ -73.131328, 2.421944 ], [ -73.131436, 2.422582 ], [ -73.131678, 2.423165 ], [ -73.131921, 2.423545 ], [ -73.132244, 2.423858 ], [ -73.13269, 2.423953 ], [ -73.13304, 2.423899 ], [ -73.13412, 2.423316 ], [ -73.13443, 2.423317 ], [ -73.13466, 2.423507 ], [ -73.1347, 2.423792 ], [ -73.134416, 2.424429 ], [ -73.134403, 2.42466 ], [ -73.134779, 2.426072 ], [ -73.135628, 2.427741 ], [ -73.13695, 2.428923 ], [ -73.137233, 2.429615 ], [ -73.137434, 2.430593 ], [ -73.137744, 2.431231 ], [ -73.137757, 2.431855 ], [ -73.137352, 2.432886 ], [ -73.137418, 2.434284 ], [ -73.137296, 2.435112 ], [ -73.137377, 2.435302 ], [ -73.137539, 2.435505 ], [ -73.137836, 2.435614 ], [ -73.138146, 2.435533 ], [ -73.138632, 2.435208 ], [ -73.138929, 2.435126 ], [ -73.139172, 2.435154 ], [ -73.139401, 2.435317 ], [ -73.139522, 2.435602 ], [ -73.139522, 2.435846 ], [ -73.139373, 2.436334 ], [ -73.13944, 2.436904 ], [ -73.139642, 2.437203 ], [ -73.140721, 2.438086 ], [ -73.141557, 2.438562 ], [ -73.141989, 2.438725 ], [ -73.14296, 2.438902 ], [ -73.14493, 2.439609 ], [ -73.14524, 2.439663 ], [ -73.145523, 2.439609 ], [ -73.145766, 2.439433 ], [ -73.145861, 2.439162 ], [ -73.145956, 2.43832 ], [ -73.146307, 2.437818 ], [ -73.146388, 2.43752 ], [ -73.146389, 2.436841 ], [ -73.146632, 2.43638 ], [ -73.146929, 2.436231 ], [ -73.147212, 2.436231 ], [ -73.147428, 2.43634 ], [ -73.147913, 2.436761 ], [ -73.148534, 2.437494 ], [ -73.149248, 2.438051 ], [ -73.150017, 2.438187 ], [ -73.150341, 2.438133 ], [ -73.150679, 2.43793 ], [ -73.152366, 2.436493 ], [ -73.152596, 2.436154 ], [ -73.152961, 2.435122 ], [ -73.153204, 2.434946 ], [ -73.153447, 2.434906 ], [ -73.15373, 2.434987 ], [ -73.153919, 2.435177 ], [ -73.154202, 2.435693 ], [ -73.154727, 2.436236 ], [ -73.155119, 2.43644 ], [ -73.156306, 2.436794 ], [ -73.156535, 2.437011 ], [ -73.156629, 2.437269 ], [ -73.156589, 2.437486 ], [ -73.156319, 2.43754 ], [ -73.155725, 2.437404 ], [ -73.155415, 2.437404 ], [ -73.155172, 2.437594 ], [ -73.155118, 2.437933 ], [ -73.155225, 2.438205 ], [ -73.156439, 2.438762 ], [ -73.15795, 2.439618 ], [ -73.158395, 2.440012 ], [ -73.159406, 2.440677 ], [ -73.15942, 2.440881 ], [ -73.159123, 2.441356 ], [ -73.159014, 2.441681 ], [ -73.159149, 2.442333 ], [ -73.159297, 2.442496 ], [ -73.15954, 2.442564 ], [ -73.160026, 2.442469 ], [ -73.160768, 2.44285 ], [ -73.161172, 2.443433 ], [ -73.161509, 2.4438 ], [ -73.161792, 2.443977 ], [ -73.162049, 2.44399 ], [ -73.162292, 2.443882 ], [ -73.163345, 2.443001 ], [ -73.16352, 2.442947 ], [ -73.163722, 2.443042 ], [ -73.163817, 2.443286 ], [ -73.163803, 2.443557 ], [ -73.1636, 2.444249 ], [ -73.163654, 2.444847 ], [ -73.163356, 2.446054 ], [ -73.163504, 2.447113 ], [ -73.163935, 2.447819 ], [ -73.164218, 2.447955 ], [ -73.164502, 2.447968 ], [ -73.164731, 2.447792 ], [ -73.164799, 2.44691 ], [ -73.16511, 2.44653 ], [ -73.165663, 2.446436 ], [ -73.16627, 2.446558 ], [ -73.166944, 2.446912 ], [ -73.167362, 2.447713 ], [ -73.167497, 2.44819 ], [ -73.167689, 2.448429 ], [ -73.168023, 2.448473 ], [ -73.169062, 2.447985 ], [ -73.169413, 2.44804 ], [ -73.169615, 2.448189 ], [ -73.169777, 2.448406 ], [ -73.169838, 2.449009 ], [ -73.169932, 2.449241 ], [ -73.170191, 2.449551 ], [ -73.170534, 2.449774 ], [ -73.171264, 2.449924 ], [ -73.171794, 2.449949 ], [ -73.172967, 2.449826 ], [ -73.173497, 2.449888 ], [ -73.173694, 2.450029 ], [ -73.17383, 2.450186 ], [ -73.173928, 2.450497 ], [ -73.173916, 2.450856 ], [ -73.173685, 2.451475 ], [ -73.173658, 2.451863 ], [ -73.173755, 2.452147 ], [ -73.174029, 2.452425 ], [ -73.17432, 2.452527 ], [ -73.174803, 2.452557 ], [ -73.175136, 2.452706 ], [ -73.175507, 2.453086 ], [ -73.175775, 2.453204 ], [ -73.17632, 2.453092 ], [ -73.177258, 2.452571 ], [ -73.177715, 2.45251 ], [ -73.178095, 2.452663 ], [ -73.178214, 2.452852 ], [ -73.178196, 2.45302 ], [ -73.17765, 2.453688 ], [ -73.177541, 2.454085 ], [ -73.177572, 2.454287 ], [ -73.177752, 2.454507 ], [ -73.178133, 2.454657 ], [ -73.178984, 2.454757 ], [ -73.179169, 2.454943 ], [ -73.179255, 2.455203 ], [ -73.179255, 2.456022 ], [ -73.178649, 2.458268 ], [ -73.178758, 2.460465 ], [ -73.178746, 2.460961 ], [ -73.178572, 2.461805 ], [ -73.178658, 2.462922 ], [ -73.178793, 2.463294 ], [ -73.179089, 2.463729 ], [ -73.179521, 2.464052 ], [ -73.180027, 2.464176 ], [ -73.180471, 2.464139 ], [ -73.180681, 2.464028 ], [ -73.180841, 2.463668 ], [ -73.181274, 2.461782 ], [ -73.181559, 2.461075 ], [ -73.182423, 2.45976 ], [ -73.18351, 2.457912 ], [ -73.183979, 2.457527 ], [ -73.184288, 2.457329 ], [ -73.184781, 2.457292 ], [ -73.185682, 2.45759 ], [ -73.186286, 2.457678 ], [ -73.187397, 2.457666 ], [ -73.187767, 2.45789 ], [ -73.187976, 2.458126 ], [ -73.188765, 2.459516 ], [ -73.188851, 2.459826 ], [ -73.188802, 2.460137 ], [ -73.188654, 2.46036 ], [ -73.187629, 2.460707 ], [ -73.186703, 2.461277 ], [ -73.185346, 2.461983 ], [ -73.185124, 2.462306 ], [ -73.185049, 2.462653 ], [ -73.185098, 2.46305 ], [ -73.185259, 2.463336 ], [ -73.185604, 2.463411 ], [ -73.186566, 2.463237 ], [ -73.186974, 2.463312 ], [ -73.189366, 2.464505 ], [ -73.189477, 2.464654 ], [ -73.189354, 2.465026 ], [ -73.188169, 2.465919 ], [ -73.187872, 2.466217 ], [ -73.187539, 2.466924 ], [ -73.1876, 2.46716 ], [ -73.187835, 2.467396 ], [ -73.188131, 2.467371 ], [ -73.188674, 2.466639 ], [ -73.188872, 2.466478 ], [ -73.189131, 2.466428 ], [ -73.189612, 2.46659 ], [ -73.190524, 2.467273 ], [ -73.190857, 2.467422 ], [ -73.191783, 2.467584 ], [ -73.192214, 2.467547 ], [ -73.192548, 2.467436 ], [ -73.193325, 2.467002 ], [ -73.193671, 2.466965 ], [ -73.194078, 2.467077 ], [ -73.194793, 2.467735 ], [ -73.195003, 2.46807 ], [ -73.195027, 2.468393 ], [ -73.194805, 2.468678 ], [ -73.193225, 2.468913 ], [ -73.192806, 2.469099 ], [ -73.192411, 2.469384 ], [ -73.192287, 2.469682 ], [ -73.192274, 2.470104 ], [ -73.192829, 2.471866 ], [ -73.193149, 2.472152 ], [ -73.193667, 2.472339 ], [ -73.196611, 2.473094 ], [ -73.197993, 2.473316 ], [ -73.1983, 2.473492 ], [ -73.198387, 2.473867 ], [ -73.198299, 2.474264 ], [ -73.198036, 2.474639 ], [ -73.197728, 2.474882 ], [ -73.196785, 2.475256 ], [ -73.195709, 2.476138 ], [ -73.195029, 2.476821 ], [ -73.19448, 2.477527 ], [ -73.194129, 2.478122 ], [ -73.193868, 2.47936 ], [ -73.193254, 2.479565 ], [ -73.189239, 2.482068 ], [ -73.18845, 2.489305 ], [ -73.188492, 2.49631 ], [ -73.188812, 2.501971 ], [ -73.190099, 2.508791 ], [ -73.185437, 2.513892 ], [ -73.180592, 2.51644 ], [ -73.175702, 2.516252 ], [ -73.174087, 2.517179 ], [ -73.170672, 2.520146 ], [ -73.164673, 2.523111 ], [ -73.15623, 2.524961 ], [ -73.148985, 2.530338 ], [ -73.145201, 2.531681 ], [ -73.137451, 2.532464 ], [ -73.13233, 2.533528 ], [ -73.124672, 2.53459 ], [ -73.123011, 2.535656 ], [ -73.12149, 2.533242 ], [ -73.119739, 2.531431 ], [ -73.118727, 2.527209 ], [ -73.11527, 2.522475 ], [ -73.111217, 2.514028 ], [ -73.109653, 2.507764 ], [ -73.107764, 2.503866 ], [ -73.103568, 2.501543 ], [ -73.099744, 2.495834 ], [ -73.099149, 2.48906 ], [ -73.09763, 2.483492 ], [ -73.089423, 2.479636 ], [ -73.086473, 2.475922 ], [ -73.084033, 2.470075 ], [ -73.080255, 2.463067 ], [ -73.077581, 2.461488 ], [ -73.076982, 2.460653 ], [ -73.075738, 2.459167 ], [ -73.073571, 2.457681 ], [ -73.070527, 2.456937 ], [ -73.066423, 2.45582 ], [ -73.062552, 2.451039 ], [ -73.058356, 2.448299 ], [ -73.052638, 2.446578 ], [ -73.050055, 2.447133 ], [ -73.048256, 2.446854 ], [ -73.045997, 2.445367 ], [ -73.043739, 2.442814 ], [ -73.041664, 2.441467 ], [ -73.018202, 2.427208 ] ] ] } },
{ "type": "Feature", "properties": { "vid": 21, "nombre": "La Union" }, "geometry": { "type": "Polygon", "coordinates": [ [ [ -73.582027, 2.289999 ], [ -73.54994, 2.287624 ], [ -73.511911, 2.282875 ], [ -73.526915, 2.266963 ], [ -73.536897, 2.242738 ], [ -73.53975, 2.224926 ], [ -73.554248, 2.224688 ], [ -73.55817, 2.228607 ], [ -73.560665, 2.232882 ], [ -73.566013, 2.232169 ], [ -73.568865, 2.230388 ], [ -73.62983, 2.232169 ], [ -73.626978, 2.236801 ], [ -73.621987, 2.239294 ], [ -73.615213, 2.249269 ], [ -73.613074, 2.254257 ], [ -73.609509, 2.264588 ], [ -73.6063, 2.274919 ], [ -73.603091, 2.285606 ], [ -73.595248, 2.293443 ], [ -73.585622, 2.295936 ], [ -73.582027, 2.289999 ] ] ] } },
{ "type": "Feature", "properties": { "vid": 22, "nombre": "Lagunagringa" }, "geometry": { "type": "Polygon", "coordinates": [ [ [ -72.969246, 2.459151 ], [ -72.968622, 2.458859 ], [ -72.967743, 2.458249 ], [ -72.966124, 2.457293 ], [ -72.964958, 2.456416 ], [ -72.964488, 2.45592 ], [ -72.964096, 2.455356 ], [ -72.963352, 2.453829 ], [ -72.963132, 2.45249 ], [ -72.963293, 2.451821 ], [ -72.964628, 2.44939 ], [ -72.964851, 2.449143 ], [ -72.965767, 2.448437 ], [ -72.967466, 2.448775 ], [ -72.968087, 2.449007 ], [ -72.968834, 2.449403 ], [ -72.969638, 2.450242 ], [ -72.971121, 2.451216 ], [ -72.974382, 2.452759 ], [ -72.975863, 2.453189 ], [ -72.977354, 2.453349 ], [ -72.978431, 2.453219 ], [ -72.978831, 2.453054 ], [ -72.979641, 2.45253 ], [ -72.980024, 2.45217 ], [ -72.981055, 2.452467 ], [ -72.982019, 2.452508 ], [ -72.984502, 2.452342 ], [ -72.985141, 2.452241 ], [ -72.985789, 2.452039 ], [ -72.986388, 2.451745 ], [ -72.987155, 2.451223 ], [ -72.988279, 2.450164 ], [ -72.98884, 2.44937 ], [ -72.989628, 2.44759 ], [ -72.990261, 2.446564 ], [ -72.991027, 2.445651 ], [ -72.992786, 2.444113 ], [ -72.993356, 2.443734 ], [ -72.996166, 2.442245 ], [ -72.998805, 2.441048 ], [ -73.011801, 2.43349 ], [ -73.018202, 2.427208 ], [ -73.041664, 2.441467 ], [ -73.043739, 2.442814 ], [ -73.045997, 2.445367 ], [ -73.048256, 2.446854 ], [ -73.050055, 2.447133 ], [ -73.052638, 2.446578 ], [ -73.058356, 2.448299 ], [ -73.062552, 2.451039 ], [ -73.066423, 2.45582 ], [ -73.070527, 2.456937 ], [ -73.073571, 2.457681 ], [ -73.075738, 2.459167 ], [ -73.076982, 2.460653 ], [ -73.077581, 2.461488 ], [ -73.080255, 2.463067 ], [ -73.084033, 2.470075 ], [ -73.086473, 2.475922 ], [ -73.089423, 2.479636 ], [ -73.09763, 2.483492 ], [ -73.099149, 2.48906 ], [ -73.099744, 2.495834 ], [ -73.103568, 2.501543 ], [ -73.107764, 2.503866 ], [ -73.109653, 2.507764 ], [ -73.111217, 2.514028 ], [ -73.11527, 2.522475 ], [ -73.118727, 2.527209 ], [ -73.119739, 2.531431 ], [ -73.12149, 2.533242 ], [ -73.123011, 2.535656 ], [ -73.120889, 2.536257 ], [ -73.117106, 2.536811 ], [ -73.113138, 2.537829 ], [ -73.106771, 2.540144 ], [ -73.104467, 2.53671 ], [ -73.098012, 2.531323 ], [ -73.087044, 2.516934 ], [ -73.082483, 2.509461 ], [ -73.076628, 2.504261 ], [ -73.070496, 2.500731 ], [ -73.06063, 2.493719 ], [ -73.054498, 2.489585 ], [ -73.047167, 2.486379 ], [ -73.036743, 2.485397 ], [ -73.031761, 2.486646 ], [ -73.026042, 2.48474 ], [ -73.016959, 2.481068 ], [ -73.012393, 2.480368 ], [ -73.009764, 2.479207 ], [ -73.008799, 2.475448 ], [ -73.009494, 2.471413 ], [ -73.008113, 2.466772 ], [ -73.006869, 2.465241 ], [ -73.006362, 2.464312 ], [ -73.005117, 2.46459 ], [ -73.000548, 2.467834 ], [ -72.99538, 2.47117 ], [ -72.991274, 2.471909 ], [ -72.986801, 2.470839 ], [ -72.982653, 2.466753 ], [ -72.980073, 2.463086 ], [ -72.974863, 2.459927 ], [ -72.970759, 2.45895 ], [ -72.969246, 2.459151 ] ] ] } },
{ "type": "Feature", "properties": { "vid": 23, "nombre": "Las Colinas" }, "geometry": { "type": "Polygon", "coordinates": [ [ [ -72.963138, 2.219317 ], [ -72.963139, 2.173806 ], [ -72.963785, 2.173558 ], [ -72.965025, 2.173343 ], [ -72.965548, 2.173052 ], [ -72.966369, 2.172432 ], [ -72.966875, 2.172369 ], [ -72.969426, 2.172353 ], [ -72.970799, 2.171634 ], [ -72.971368, 2.17147 ], [ -72.972324, 2.171466 ], [ -72.972834, 2.171571 ], [ -72.974291, 2.17229 ], [ -72.976057, 2.172886 ], [ -72.980193, 2.172836 ], [ -72.980493, 2.172535 ], [ -72.980523, 2.172118 ], [ -72.980393, 2.17163 ], [ -72.980032, 2.171183 ], [ -72.979818, 2.170763 ], [ -72.97978, 2.17024 ], [ -72.979981, 2.169882 ], [ -72.98036, 2.169436 ], [ -72.981352, 2.168529 ], [ -72.982668, 2.166684 ], [ -72.983214, 2.16643 ], [ -72.984965, 2.166135 ], [ -72.985395, 2.16588 ], [ -72.986063, 2.165268 ], [ -72.986121, 2.165124 ], [ -72.986156, 2.164193 ], [ -72.986528, 2.163476 ], [ -72.986664, 2.16333 ], [ -72.987365, 2.162968 ], [ -72.987725, 2.162406 ], [ -72.987745, 2.161835 ], [ -72.987641, 2.161562 ], [ -72.987298, 2.161108 ], [ -72.987147, 2.160587 ], [ -72.987187, 2.16003 ], [ -72.987361, 2.159463 ], [ -72.989874, 2.156372 ], [ -72.991666, 2.163523 ], [ -72.991977, 2.164042 ], [ -72.993163, 2.1676 ], [ -72.993163, 2.179756 ], [ -72.989901, 2.183907 ], [ -72.988715, 2.186872 ], [ -72.98575, 2.19043 ], [ -72.981896, 2.191023 ], [ -72.979524, 2.192209 ], [ -72.977448, 2.193692 ], [ -72.97478, 2.194581 ], [ -72.971815, 2.19636 ], [ -72.969443, 2.199029 ], [ -72.967664, 2.200511 ], [ -72.966478, 2.203476 ], [ -72.965885, 2.206738 ], [ -72.964106, 2.209999 ], [ -72.964402, 2.212668 ], [ -72.964402, 2.214743 ], [ -72.963138, 2.219317 ] ] ] } },
{ "type": "Feature", "properties": { "vid": 24, "nombre": "Las Orquideas" }, "geometry": { "type": "Polygon", "coordinates": [ [ [ -72.963131, 2.47988 ], [ -72.963134, 2.377604 ], [ -72.96397, 2.377262 ], [ -72.972527, 2.37655 ], [ -72.98037, 2.374056 ], [ -72.979657, 2.368001 ], [ -72.984649, 2.365507 ], [ -72.990353, 2.365507 ], [ -72.995344, 2.368713 ], [ -73.001048, 2.371563 ], [ -73.006753, 2.375837 ], [ -73.011388, 2.380112 ], [ -73.010318, 2.385811 ], [ -73.003901, 2.386524 ], [ -72.999979, 2.38688 ], [ -73.002831, 2.39436 ], [ -73.013883, 2.403622 ], [ -73.023153, 2.409321 ], [ -73.031423, 2.413075 ], [ -73.030355, 2.413636 ], [ -73.02874, 2.414844 ], [ -73.027777, 2.416121 ], [ -73.026883, 2.417675 ], [ -73.026092, 2.419297 ], [ -73.025164, 2.420609 ], [ -73.024167, 2.421817 ], [ -73.021349, 2.424647 ], [ -73.019659, 2.425778 ], [ -73.011801, 2.43349 ], [ -72.998805, 2.441048 ], [ -72.996166, 2.442245 ], [ -72.992968, 2.443979 ], [ -72.990716, 2.445983 ], [ -72.989739, 2.44738 ], [ -72.988994, 2.44908 ], [ -72.988478, 2.449914 ], [ -72.987624, 2.450835 ], [ -72.986388, 2.451745 ], [ -72.985469, 2.452153 ], [ -72.984205, 2.452367 ], [ -72.981385, 2.452501 ], [ -72.980716, 2.452406 ], [ -72.980024, 2.45217 ], [ -72.979641, 2.45253 ], [ -72.978831, 2.453054 ], [ -72.978431, 2.453219 ], [ -72.977685, 2.453342 ], [ -72.976734, 2.453312 ], [ -72.975568, 2.453131 ], [ -72.974669, 2.452873 ], [ -72.971387, 2.451357 ], [ -72.969638, 2.450242 ], [ -72.968714, 2.449321 ], [ -72.96767, 2.448837 ], [ -72.965782, 2.448432 ], [ -72.964734, 2.449257 ], [ -72.963614, 2.451163 ], [ -72.963165, 2.452193 ], [ -72.963132, 2.45249 ], [ -72.963297, 2.453644 ], [ -72.963633, 2.454478 ], [ -72.964351, 2.455742 ], [ -72.965134, 2.456572 ], [ -72.965914, 2.457155 ], [ -72.967743, 2.458249 ], [ -72.968622, 2.458859 ], [ -72.969594, 2.459327 ], [ -72.969942, 2.459573 ], [ -72.970621, 2.460444 ], [ -72.971062, 2.460759 ], [ -72.971393, 2.461158 ], [ -72.971675, 2.461963 ], [ -72.971853, 2.463115 ], [ -72.971888, 2.464068 ], [ -72.971748, 2.466048 ], [ -72.971259, 2.468228 ], [ -72.970823, 2.47064 ], [ -72.970421, 2.472058 ], [ -72.969794, 2.47342 ], [ -72.969174, 2.474411 ], [ -72.968491, 2.475328 ], [ -72.966955, 2.477025 ], [ -72.964773, 2.478795 ], [ -72.963131, 2.47988 ] ] ] } },
{ "type": "Feature", "properties": { "vid": 25, "nombre": "Lejanias" }, "geometry": { "type": "Polygon", "coordinates": [ [ [ -73.459562, 2.16353 ], [ -73.475576, 2.163649 ], [ -73.498393, 2.165074 ], [ -73.527628, 2.161512 ], [ -73.557457, 2.161274 ], [ -73.552109, 2.167331 ], [ -73.551752, 2.213288 ], [ -73.550326, 2.217919 ], [ -73.554248, 2.224688 ], [ -73.53975, 2.224926 ], [ -73.538566, 2.232317 ], [ -73.518358, 2.231338 ], [ -73.494828, 2.228488 ], [ -73.470902, 2.233564 ], [ -73.470258, 2.225519 ], [ -73.468475, 2.199157 ], [ -73.464554, 2.182769 ], [ -73.459562, 2.16353 ] ] ] } },
{ "type": "Feature", "properties": { "vid": 26, "nombre": "Manantiales" }, "geometry": { "type": "Polygon", "coordinates": [ [ [ -72.969052, 2.199354 ], [ -72.969443, 2.199029 ], [ -72.971815, 2.19636 ], [ -72.97478, 2.194581 ], [ -72.977448, 2.193692 ], [ -72.979524, 2.192209 ], [ -72.981896, 2.191023 ], [ -72.98575, 2.19043 ], [ -72.988715, 2.186872 ], [ -72.989901, 2.183907 ], [ -72.993163, 2.179756 ], [ -72.993163, 2.1676 ], [ -72.991977, 2.164042 ], [ -72.991666, 2.163523 ], [ -72.989874, 2.156372 ], [ -72.993845, 2.151488 ], [ -72.999373, 2.143196 ], [ -73.000792, 2.141703 ], [ -73.006266, 2.135492 ], [ -73.010908, 2.128549 ], [ -73.013788, 2.123867 ], [ -73.017313, 2.121443 ], [ -73.020838, 2.118696 ], [ -73.022759, 2.116112 ], [ -73.023561, 2.114087 ], [ -73.036699, 2.160039 ], [ -73.020848, 2.164159 ], [ -73.016507, 2.165994 ], [ -73.001011, 2.175085 ], [ -72.997697, 2.177191 ], [ -72.994898, 2.180453 ], [ -72.993116, 2.186687 ], [ -72.995493, 2.190547 ], [ -72.998464, 2.195891 ], [ -72.994839, 2.201472 ], [ -72.994839, 2.207707 ], [ -72.993354, 2.217801 ], [ -72.997216, 2.225519 ], [ -73.00494, 2.237691 ], [ -72.996919, 2.234722 ], [ -72.988006, 2.232644 ], [ -72.980875, 2.227894 ], [ -72.97523, 2.221957 ], [ -72.964769, 2.212057 ], [ -72.965985, 2.207805 ], [ -72.969052, 2.199354 ] ] ] } },
{ "type": "Feature", "properties": { "vid": 27, "nombre": "Morichal" }, "geometry": { "type": "Polygon", "coordinates": [ [ [ -72.963139, 2.173806 ], [ -72.96314, 2.144153 ], [ -72.982173, 2.145682 ], [ -72.995162, 2.149069 ], [ -72.998674, 2.144246 ], [ -72.993845, 2.151488 ], [ -72.987361, 2.159463 ], [ -72.987187, 2.16003 ], [ -72.987147, 2.160587 ], [ -72.987298, 2.161108 ], [ -72.987641, 2.161562 ], [ -72.987745, 2.161835 ], [ -72.987725, 2.162406 ], [ -72.987365, 2.162968 ], [ -72.986664, 2.16333 ], [ -72.986528, 2.163476 ], [ -72.986156, 2.164193 ], [ -72.986121, 2.165124 ], [ -72.986063, 2.165268 ], [ -72.985395, 2.16588 ], [ -72.984965, 2.166135 ], [ -72.983214, 2.16643 ], [ -72.982668, 2.166684 ], [ -72.981352, 2.168529 ], [ -72.98036, 2.169436 ], [ -72.979981, 2.169882 ], [ -72.97978, 2.17024 ], [ -72.979771, 2.170455 ], [ -72.979818, 2.170763 ], [ -72.980032, 2.171183 ], [ -72.980393, 2.17163 ], [ -72.980478, 2.171867 ], [ -72.980524, 2.172375 ], [ -72.980352, 2.172723 ], [ -72.980193, 2.172836 ], [ -72.979896, 2.172872 ], [ -72.976057, 2.172886 ], [ -72.974291, 2.17229 ], [ -72.972834, 2.171571 ], [ -72.972324, 2.171466 ], [ -72.971368, 2.17147 ], [ -72.970799, 2.171634 ], [ -72.969426, 2.172353 ], [ -72.966875, 2.172369 ], [ -72.966369, 2.172432 ], [ -72.965548, 2.173052 ], [ -72.965025, 2.173343 ], [ -72.963785, 2.173558 ], [ -72.963139, 2.173806 ] ] ] } },
{ "type": "Feature", "properties": { "vid": 28, "nombre": "Nueva Colombia" }, "geometry": { "type": "Polygon", "coordinates": [ [ [ -73.193868, 2.47936 ], [ -73.194129, 2.478122 ], [ -73.19448, 2.477527 ], [ -73.195029, 2.476821 ], [ -73.196302, 2.475631 ], [ -73.196785, 2.475256 ], [ -73.197728, 2.474882 ], [ -73.198036, 2.474639 ], [ -73.198299, 2.474264 ], [ -73.198387, 2.473867 ], [ -73.1983, 2.473492 ], [ -73.197993, 2.473316 ], [ -73.196611, 2.473094 ], [ -73.193667, 2.472339 ], [ -73.193149, 2.472152 ], [ -73.192829, 2.471866 ], [ -73.192274, 2.470104 ], [ -73.192287, 2.469682 ], [ -73.192411, 2.469384 ], [ -73.192806, 2.469099 ], [ -73.193225, 2.468913 ], [ -73.194805, 2.468678 ], [ -73.195027, 2.468393 ], [ -73.195003, 2.46807 ], [ -73.194793, 2.467735 ], [ -73.194078, 2.467077 ], [ -73.193671, 2.466965 ], [ -73.193325, 2.467002 ], [ -73.192548, 2.467436 ], [ -73.192214, 2.467547 ], [ -73.191783, 2.467584 ], [ -73.190857, 2.467422 ], [ -73.190524, 2.467273 ], [ -73.189612, 2.46659 ], [ -73.189131, 2.466428 ], [ -73.188872, 2.466478 ], [ -73.188674, 2.466639 ], [ -73.188131, 2.467371 ], [ -73.187835, 2.467396 ], [ -73.1876, 2.46716 ], [ -73.187539, 2.466924 ], [ -73.187872, 2.466217 ], [ -73.188169, 2.465919 ], [ -73.189354, 2.465026 ], [ -73.189477, 2.464654 ], [ -73.189366, 2.464505 ], [ -73.186974, 2.463312 ], [ -73.186566, 2.463237 ], [ -73.185604, 2.463411 ], [ -73.185259, 2.463336 ], [ -73.185098, 2.46305 ], [ -73.185049, 2.462653 ], [ -73.185124, 2.462306 ], [ -73.185346, 2.461983 ], [ -73.186703, 2.461277 ], [ -73.187629, 2.460707 ], [ -73.188654, 2.46036 ], [ -73.188802, 2.460137 ], [ -73.188851, 2.459826 ], [ -73.188765, 2.459516 ], [ -73.187976, 2.458126 ], [ -73.187767, 2.45789 ], [ -73.187397, 2.457666 ], [ -73.186286, 2.457678 ], [ -73.185682, 2.45759 ], [ -73.184781, 2.457292 ], [ -73.184288, 2.457329 ], [ -73.183979, 2.457527 ], [ -73.18351, 2.457912 ], [ -73.182423, 2.45976 ], [ -73.181559, 2.461075 ], [ -73.181274, 2.461782 ], [ -73.180841, 2.463668 ], [ -73.180681, 2.464028 ], [ -73.180471, 2.464139 ], [ -73.180027, 2.464176 ], [ -73.179521, 2.464052 ], [ -73.179089, 2.463729 ], [ -73.178793, 2.463294 ], [ -73.178658, 2.462922 ], [ -73.178572, 2.462351 ], [ -73.178572, 2.461805 ], [ -73.178746, 2.460961 ], [ -73.178758, 2.460465 ], [ -73.178649, 2.458268 ], [ -73.179255, 2.456022 ], [ -73.179255, 2.455203 ], [ -73.179169, 2.454943 ], [ -73.178984, 2.454757 ], [ -73.178133, 2.454657 ], [ -73.177752, 2.454507 ], [ -73.177572, 2.454287 ], [ -73.177541, 2.454085 ], [ -73.17765, 2.453688 ], [ -73.178196, 2.45302 ], [ -73.178214, 2.452852 ], [ -73.178095, 2.452663 ], [ -73.177715, 2.45251 ], [ -73.177258, 2.452571 ], [ -73.17632, 2.453092 ], [ -73.175775, 2.453204 ], [ -73.175507, 2.453086 ], [ -73.175136, 2.452706 ], [ -73.174803, 2.452557 ], [ -73.17432, 2.452527 ], [ -73.174029, 2.452425 ], [ -73.173755, 2.452147 ], [ -73.173658, 2.451863 ], [ -73.173685, 2.451475 ], [ -73.173916, 2.450856 ], [ -73.173928, 2.450497 ], [ -73.17383, 2.450186 ], [ -73.173694, 2.450029 ], [ -73.173497, 2.449888 ], [ -73.172967, 2.449826 ], [ -73.171794, 2.449949 ], [ -73.171264, 2.449924 ], [ -73.170534, 2.449774 ], [ -73.170191, 2.449551 ], [ -73.169932, 2.449241 ], [ -73.169838, 2.449009 ], [ -73.169777, 2.448406 ], [ -73.169615, 2.448189 ], [ -73.169413, 2.44804 ], [ -73.169062, 2.447985 ], [ -73.168023, 2.448473 ], [ -73.167689, 2.448429 ], [ -73.167497, 2.44819 ], [ -73.167362, 2.447713 ], [ -73.166944, 2.446912 ], [ -73.16627, 2.446558 ], [ -73.165663, 2.446436 ], [ -73.16511, 2.44653 ], [ -73.164799, 2.44691 ], [ -73.164731, 2.447792 ], [ -73.164502, 2.447968 ], [ -73.164218, 2.447955 ], [ -73.163935, 2.447819 ], [ -73.163504, 2.447113 ], [ -73.163356, 2.446054 ], [ -73.163654, 2.444847 ], [ -73.1636, 2.444249 ], [ -73.163803, 2.443557 ], [ -73.163817, 2.443286 ], [ -73.163722, 2.443042 ], [ -73.16352, 2.442947 ], [ -73.163345, 2.443001 ], [ -73.162292, 2.443882 ], [ -73.162049, 2.44399 ], [ -73.161792, 2.443977 ], [ -73.161509, 2.4438 ], [ -73.161172, 2.443433 ], [ -73.160768, 2.44285 ], [ -73.160026, 2.442469 ], [ -73.15954, 2.442564 ], [ -73.159297, 2.442496 ], [ -73.159149, 2.442333 ], [ -73.159014, 2.441681 ], [ -73.159123, 2.441356 ], [ -73.15942, 2.440881 ], [ -73.159406, 2.440677 ], [ -73.158395, 2.440012 ], [ -73.15795, 2.439618 ], [ -73.156439, 2.438762 ], [ -73.155225, 2.438205 ], [ -73.155118, 2.437933 ], [ -73.155172, 2.437594 ], [ -73.155415, 2.437404 ], [ -73.155725, 2.437404 ], [ -73.156319, 2.43754 ], [ -73.156589, 2.437486 ], [ -73.156629, 2.437269 ], [ -73.156535, 2.437011 ], [ -73.156306, 2.436794 ], [ -73.155119, 2.43644 ], [ -73.154727, 2.436236 ], [ -73.154202, 2.435693 ], [ -73.153919, 2.435177 ], [ -73.15373, 2.434987 ], [ -73.153447, 2.434906 ], [ -73.153204, 2.434946 ], [ -73.152961, 2.435122 ], [ -73.152596, 2.436154 ], [ -73.152366, 2.436493 ], [ -73.150679, 2.43793 ], [ -73.150341, 2.438133 ], [ -73.150017, 2.438187 ], [ -73.149248, 2.438051 ], [ -73.148534, 2.437494 ], [ -73.147913, 2.436761 ], [ -73.147428, 2.43634 ], [ -73.147212, 2.436231 ], [ -73.146929, 2.436231 ], [ -73.146632, 2.43638 ], [ -73.146389, 2.436841 ], [ -73.146388, 2.43752 ], [ -73.146307, 2.437818 ], [ -73.145956, 2.43832 ], [ -73.145861, 2.439162 ], [ -73.145766, 2.439433 ], [ -73.145523, 2.439609 ], [ -73.14524, 2.439663 ], [ -73.14493, 2.439609 ], [ -73.14296, 2.438902 ], [ -73.141989, 2.438725 ], [ -73.141557, 2.438562 ], [ -73.140721, 2.438086 ], [ -73.139642, 2.437203 ], [ -73.13944, 2.436904 ], [ -73.139373, 2.436334 ], [ -73.139522, 2.435846 ], [ -73.139522, 2.435602 ], [ -73.139401, 2.435317 ], [ -73.139172, 2.435154 ], [ -73.138929, 2.435126 ], [ -73.138632, 2.435208 ], [ -73.138146, 2.435533 ], [ -73.137836, 2.435614 ], [ -73.137539, 2.435505 ], [ -73.137377, 2.435302 ], [ -73.137296, 2.435112 ], [ -73.137418, 2.434284 ], [ -73.137352, 2.432886 ], [ -73.137757, 2.431855 ], [ -73.137744, 2.431231 ], [ -73.137434, 2.430593 ], [ -73.137233, 2.429615 ], [ -73.13695, 2.428923 ], [ -73.135628, 2.427741 ], [ -73.134779, 2.426072 ], [ -73.134403, 2.42466 ], [ -73.134416, 2.424429 ], [ -73.1347, 2.423792 ], [ -73.13466, 2.423507 ], [ -73.13443, 2.423317 ], [ -73.13412, 2.423316 ], [ -73.13304, 2.423899 ], [ -73.13269, 2.423953 ], [ -73.132244, 2.423858 ], [ -73.131921, 2.423545 ], [ -73.131678, 2.423165 ], [ -73.131436, 2.422582 ], [ -73.131328, 2.421944 ], [ -73.131153, 2.421767 ], [ -73.130883, 2.421726 ], [ -73.130708, 2.421862 ], [ -73.130654, 2.422079 ], [ -73.130774, 2.423138 ], [ -73.131097, 2.424033 ], [ -73.131151, 2.424631 ], [ -73.131002, 2.42577 ], [ -73.130867, 2.426055 ], [ -73.1303, 2.426638 ], [ -73.129976, 2.426747 ], [ -73.129166, 2.426733 ], [ -73.128883, 2.426855 ], [ -73.12868, 2.427112 ], [ -73.128531, 2.427872 ], [ -73.12841, 2.42813 ], [ -73.128221, 2.428293 ], [ -73.128005, 2.428333 ], [ -73.126669, 2.428088 ], [ -73.125833, 2.42802 ], [ -73.125374, 2.42806 ], [ -73.124605, 2.42829 ], [ -73.124308, 2.42829 ], [ -73.123957, 2.428181 ], [ -73.12358, 2.427909 ], [ -73.121773, 2.426198 ], [ -73.121395, 2.42594 ], [ -73.12095, 2.425831 ], [ -73.120559, 2.425926 ], [ -73.120154, 2.426224 ], [ -73.119992, 2.426482 ], [ -73.119883, 2.427106 ], [ -73.119654, 2.427527 ], [ -73.118654, 2.428571 ], [ -73.11856, 2.429276 ], [ -73.118397, 2.429575 ], [ -73.117209, 2.430918 ], [ -73.116993, 2.431012 ], [ -73.116319, 2.431066 ], [ -73.115293, 2.431432 ], [ -73.112108, 2.433126 ], [ -73.110785, 2.434061 ], [ -73.110164, 2.434441 ], [ -73.109799, 2.434563 ], [ -73.109449, 2.434508 ], [ -73.109192, 2.434345 ], [ -73.109098, 2.433952 ], [ -73.109139, 2.433558 ], [ -73.109274, 2.433219 ], [ -73.109275, 2.432554 ], [ -73.109086, 2.432228 ], [ -73.108857, 2.432065 ], [ -73.108169, 2.431793 ], [ -73.106644, 2.431575 ], [ -73.105376, 2.431303 ], [ -73.104931, 2.431139 ], [ -73.103663, 2.431016 ], [ -73.103353, 2.430908 ], [ -73.101937, 2.429767 ], [ -73.101451, 2.429481 ], [ -73.100656, 2.429101 ], [ -73.099765, 2.428842 ], [ -73.099172, 2.428272 ], [ -73.098673, 2.427389 ], [ -73.097959, 2.426629 ], [ -73.097581, 2.426289 ], [ -73.096651, 2.425895 ], [ -73.09626, 2.425637 ], [ -73.095707, 2.424849 ], [ -73.094696, 2.423085 ], [ -73.092998, 2.421414 ], [ -73.092283, 2.420613 ], [ -73.092054, 2.420233 ], [ -73.091906, 2.419785 ], [ -73.091866, 2.419405 ], [ -73.092231, 2.417736 ], [ -73.092137, 2.417369 ], [ -73.091666, 2.41646 ], [ -73.091571, 2.416066 ], [ -73.091599, 2.415686 ], [ -73.092004, 2.414479 ], [ -73.092004, 2.41418 ], [ -73.091883, 2.413827 ], [ -73.091492, 2.41342 ], [ -73.091155, 2.413352 ], [ -73.090804, 2.413392 ], [ -73.090359, 2.413555 ], [ -73.089778, 2.414016 ], [ -73.089508, 2.414355 ], [ -73.089076, 2.415454 ], [ -73.088873, 2.415798 ], [ -73.088576, 2.416023 ], [ -73.087537, 2.41624 ], [ -73.086377, 2.416293 ], [ -73.085446, 2.416157 ], [ -73.084488, 2.415695 ], [ -73.0831, 2.414581 ], [ -73.082722, 2.414391 ], [ -73.08229, 2.414322 ], [ -73.081413, 2.414661 ], [ -73.081075, 2.414987 ], [ -73.079941, 2.416478 ], [ -73.079117, 2.417387 ], [ -73.078699, 2.417726 ], [ -73.076229, 2.419068 ], [ -73.075378, 2.41999 ], [ -73.072894, 2.422173 ], [ -73.071908, 2.423217 ], [ -73.069558, 2.425061 ], [ -73.070505, 2.423785 ], [ -73.071028, 2.422838 ], [ -73.071982, 2.419717 ], [ -73.07246, 2.417602 ], [ -73.07288, 2.416604 ], [ -73.073421, 2.415667 ], [ -73.073754, 2.41524 ], [ -73.074138, 2.414859 ], [ -73.074996, 2.414203 ], [ -73.076861, 2.413114 ], [ -73.077856, 2.412697 ], [ -73.079391, 2.412181 ], [ -73.081334, 2.411241 ], [ -73.082226, 2.410631 ], [ -73.083476, 2.409599 ], [ -73.084238, 2.408832 ], [ -73.0849, 2.407976 ], [ -73.087351, 2.403762 ], [ -73.088537, 2.401951 ], [ -73.090666, 2.399501 ], [ -73.09268, 2.396953 ], [ -73.093771, 2.395751 ], [ -73.095719, 2.393876 ], [ -73.097795, 2.392146 ], [ -73.106125, 2.386148 ], [ -73.106462, 2.385726 ], [ -73.107108, 2.384235 ], [ -73.107381, 2.383767 ], [ -73.1083, 2.382431 ], [ -73.108685, 2.382051 ], [ -73.109564, 2.381424 ], [ -73.110553, 2.380999 ], [ -73.111085, 2.380916 ], [ -73.112155, 2.381033 ], [ -73.113699, 2.381509 ], [ -73.114134, 2.381825 ], [ -73.114413, 2.382288 ], [ -73.114771, 2.383311 ], [ -73.115095, 2.384902 ], [ -73.114987, 2.386526 ], [ -73.114871, 2.387055 ], [ -73.114382, 2.388021 ], [ -73.114224, 2.388537 ], [ -73.114326, 2.389065 ], [ -73.114705, 2.390077 ], [ -73.115104, 2.392759 ], [ -73.115652, 2.394858 ], [ -73.116067, 2.396987 ], [ -73.117199, 2.400605 ], [ -73.11772, 2.403265 ], [ -73.117963, 2.40651 ], [ -73.118139, 2.407578 ], [ -73.118357, 2.408074 ], [ -73.118978, 2.408959 ], [ -73.119736, 2.409728 ], [ -73.122038, 2.411138 ], [ -73.123027, 2.411569 ], [ -73.124091, 2.411726 ], [ -73.125159, 2.411597 ], [ -73.127785, 2.410981 ], [ -73.128281, 2.41077 ], [ -73.129657, 2.409918 ], [ -73.13174, 2.409358 ], [ -73.133202, 2.408668 ], [ -73.134298, 2.407963 ], [ -73.135159, 2.407309 ], [ -73.137965, 2.404769 ], [ -73.139415, 2.403165 ], [ -73.140338, 2.40183 ], [ -73.140593, 2.401352 ], [ -73.140957, 2.400332 ], [ -73.141188, 2.399272 ], [ -73.141324, 2.398197 ], [ -73.141275, 2.397116 ], [ -73.140845, 2.395547 ], [ -73.14059, 2.395075 ], [ -73.140213, 2.394687 ], [ -73.138924, 2.393705 ], [ -73.137995, 2.393153 ], [ -73.133503, 2.391304 ], [ -73.128557, 2.389142 ], [ -73.127113, 2.388408 ], [ -73.125788, 2.387478 ], [ -73.124646, 2.386326 ], [ -73.12403, 2.385438 ], [ -73.123518, 2.383896 ], [ -73.123097, 2.382898 ], [ -73.122969, 2.382371 ], [ -73.12296, 2.38183 ], [ -73.123135, 2.38076 ], [ -73.123483, 2.379735 ], [ -73.124066, 2.378825 ], [ -73.124439, 2.378433 ], [ -73.125311, 2.377796 ], [ -73.125785, 2.377537 ], [ -73.127315, 2.377015 ], [ -73.129432, 2.376604 ], [ -73.129968, 2.376546 ], [ -73.131311, 2.376628 ], [ -73.132355, 2.376895 ], [ -73.13439, 2.377607 ], [ -73.135975, 2.377932 ], [ -73.137046, 2.378066 ], [ -73.138659, 2.378016 ], [ -73.140791, 2.377679 ], [ -73.141312, 2.377539 ], [ -73.141805, 2.377321 ], [ -73.142696, 2.376712 ], [ -73.14394, 2.375671 ], [ -73.145929, 2.37384 ], [ -73.150147, 2.370459 ], [ -73.151316, 2.369336 ], [ -73.15273, 2.367698 ], [ -73.153543, 2.366985 ], [ -73.154892, 2.366089 ], [ -73.155857, 2.365605 ], [ -73.156865, 2.365219 ], [ -73.157908, 2.364946 ], [ -73.158682, 2.364843 ], [ -73.158687, 2.365075 ], [ -73.159593, 2.365075 ], [ -73.159572, 2.364776 ], [ -73.160324, 2.364795 ], [ -73.162435, 2.365239 ], [ -73.163502, 2.36539 ], [ -73.163986, 2.365624 ], [ -73.164853, 2.366268 ], [ -73.166069, 2.367342 ], [ -73.167291, 2.369127 ], [ -73.167742, 2.370109 ], [ -73.167875, 2.371183 ], [ -73.167858, 2.375522 ], [ -73.167484, 2.378754 ], [ -73.167066, 2.381434 ], [ -73.166703, 2.38302 ], [ -73.166178, 2.384559 ], [ -73.164802, 2.388095 ], [ -73.164166, 2.390168 ], [ -73.163978, 2.391781 ], [ -73.163999, 2.395578 ], [ -73.164046, 2.396118 ], [ -73.164292, 2.397173 ], [ -73.164707, 2.398174 ], [ -73.164975, 2.398645 ], [ -73.165322, 2.399059 ], [ -73.166184, 2.399708 ], [ -73.167147, 2.400196 ], [ -73.168148, 2.400599 ], [ -73.169194, 2.400861 ], [ -73.171343, 2.401032 ], [ -73.172961, 2.401055 ], [ -73.174034, 2.400968 ], [ -73.175061, 2.400637 ], [ -73.17754, 2.399514 ], [ -73.180544, 2.398307 ], [ -73.181889, 2.397405 ], [ -73.18268, 2.396669 ], [ -73.18294, 2.396196 ], [ -73.183477, 2.394661 ], [ -73.183873, 2.39253 ], [ -73.184184, 2.391494 ], [ -73.184921, 2.390045 ], [ -73.185755, 2.388658 ], [ -73.186182, 2.388327 ], [ -73.187118, 2.387789 ], [ -73.188633, 2.387222 ], [ -73.18968, 2.386963 ], [ -73.192337, 2.3865 ], [ -73.192853, 2.386343 ], [ -73.196337, 2.384882 ], [ -73.196812, 2.384626 ], [ -73.198072, 2.383606 ], [ -73.199483, 2.382817 ], [ -73.200521, 2.382528 ], [ -73.201596, 2.382467 ], [ -73.202641, 2.382718 ], [ -73.205061, 2.383915 ], [ -73.206597, 2.384415 ], [ -73.207671, 2.38451 ], [ -73.209289, 2.384504 ], [ -73.211976, 2.384285 ], [ -73.212785, 2.384297 ], [ -73.213848, 2.384471 ], [ -73.216366, 2.385437 ], [ -73.217296, 2.385984 ], [ -73.217687, 2.386356 ], [ -73.217939, 2.386833 ], [ -73.218067, 2.38736 ], [ -73.218125, 2.388441 ], [ -73.217991, 2.389517 ], [ -73.217662, 2.390547 ], [ -73.217085, 2.391462 ], [ -73.216405, 2.392304 ], [ -73.215636, 2.393064 ], [ -73.214399, 2.394112 ], [ -73.213268, 2.395276 ], [ -73.212944, 2.395709 ], [ -73.212455, 2.396675 ], [ -73.211574, 2.39804 ], [ -73.211339, 2.398528 ], [ -73.211222, 2.399056 ], [ -73.211264, 2.400139 ], [ -73.211501, 2.401196 ], [ -73.21196, 2.402175 ], [ -73.212921, 2.403482 ], [ -73.21406, 2.404637 ], [ -73.214944, 2.405252 ], [ -73.215454, 2.405426 ], [ -73.215987, 2.405509 ], [ -73.216523, 2.405468 ], [ -73.217026, 2.405275 ], [ -73.217476, 2.404977 ], [ -73.217843, 2.404583 ], [ -73.218215, 2.403566 ], [ -73.219603, 2.400627 ], [ -73.22016, 2.399099 ], [ -73.220796, 2.397027 ], [ -73.221722, 2.395068 ], [ -73.222776, 2.393175 ], [ -73.223923, 2.391337 ], [ -73.224695, 2.389908 ], [ -73.225041, 2.389493 ], [ -73.225946, 2.388909 ], [ -73.227978, 2.388188 ], [ -73.229573, 2.387919 ], [ -73.23172, 2.388102 ], [ -73.236516, 2.388848 ], [ -73.238673, 2.388901 ], [ -73.240283, 2.388754 ], [ -73.243799, 2.387381 ], [ -73.244267, 2.387112 ], [ -73.245054, 2.386489 ], [ -73.245914, 2.385497 ], [ -73.247237, 2.384372 ], [ -73.248758, 2.383711 ], [ -73.253057, 2.381528 ], [ -73.254711, 2.381065 ], [ -73.256166, 2.381197 ], [ -73.258217, 2.381263 ], [ -73.259076, 2.380999 ], [ -73.260201, 2.3808 ], [ -73.261656, 2.380734 ], [ -73.263111, 2.3808 ], [ -73.265029, 2.380999 ], [ -73.265987, 2.38119 ], [ -73.268119, 2.385353 ], [ -73.270048, 2.387379 ], [ -73.271521, 2.390327 ], [ -73.276475, 2.392024 ], [ -73.277036, 2.397556 ], [ -73.274931, 2.399866 ], [ -73.272003, 2.402868 ], [ -73.270172, 2.404486 ], [ -73.271873, 2.410112 ], [ -73.272937, 2.420096 ], [ -73.273816, 2.424202 ], [ -73.276481, 2.431862 ], [ -73.277957, 2.429313 ], [ -73.277107, 2.422449 ], [ -73.278378, 2.417567 ], [ -73.281894, 2.416394 ], [ -73.284563, 2.417571 ], [ -73.289911, 2.419717 ], [ -73.291871, 2.419203 ], [ -73.293831, 2.418526 ], [ -73.297232, 2.415164 ], [ -73.300361, 2.413881 ], [ -73.301197, 2.413764 ], [ -73.301475, 2.416233 ], [ -73.303199, 2.418305 ], [ -73.305096, 2.419147 ], [ -73.30622, 2.418967 ], [ -73.305232, 2.422864 ], [ -73.305929, 2.427842 ], [ -73.309095, 2.429266 ], [ -73.30965, 2.43157 ], [ -73.310203, 2.433322 ], [ -73.311031, 2.434473 ], [ -73.310896, 2.435995 ], [ -73.310715, 2.43701 ], [ -73.3109, 2.438162 ], [ -73.311865, 2.439313 ], [ -73.312602, 2.441064 ], [ -73.313476, 2.442492 ], [ -73.315546, 2.446361 ], [ -73.318397, 2.450921 ], [ -73.322712, 2.453679 ], [ -73.325607, 2.456948 ], [ -73.339773, 2.466207 ], [ -73.341894, 2.468333 ], [ -73.34213, 2.468412 ], [ -73.325558, 2.483371 ], [ -73.319428, 2.496534 ], [ -73.312405, 2.50842 ], [ -73.31237, 2.508462 ], [ -73.311714, 2.508112 ], [ -73.310614, 2.508253 ], [ -73.310207, 2.510792 ], [ -73.309722, 2.512743 ], [ -73.309228, 2.512305 ], [ -73.308298, 2.511646 ], [ -73.30773, 2.511572 ], [ -73.307469, 2.511645 ], [ -73.306581, 2.512669 ], [ -73.305402, 2.514277 ], [ -73.304587, 2.516001 ], [ -73.304608, 2.517098 ], [ -73.304539, 2.517293 ], [ -73.30429, 2.517529 ], [ -73.303833, 2.517557 ], [ -73.303612, 2.517473 ], [ -73.302104, 2.515747 ], [ -73.301678, 2.515547 ], [ -73.301576, 2.515386 ], [ -73.301722, 2.515006 ], [ -73.302231, 2.514275 ], [ -73.302915, 2.513632 ], [ -73.30341, 2.513398 ], [ -73.303512, 2.513252 ], [ -73.303512, 2.513062 ], [ -73.303163, 2.512667 ], [ -73.302814, 2.512403 ], [ -73.302131, 2.512227 ], [ -73.301738, 2.512227 ], [ -73.30088, 2.512592 ], [ -73.300531, 2.512592 ], [ -73.300211, 2.512475 ], [ -73.299964, 2.512197 ], [ -73.299833, 2.511919 ], [ -73.299833, 2.511334 ], [ -73.299994, 2.510719 ], [ -73.299936, 2.510017 ], [ -73.299762, 2.509827 ], [ -73.299558, 2.509739 ], [ -73.29822, 2.509738 ], [ -73.297463, 2.510308 ], [ -73.297216, 2.510996 ], [ -73.297143, 2.51161 ], [ -73.297215, 2.511932 ], [ -73.297724, 2.512883 ], [ -73.297898, 2.513453 ], [ -73.298043, 2.51417 ], [ -73.298043, 2.514565 ], [ -73.297926, 2.515165 ], [ -73.297518, 2.515662 ], [ -73.297116, 2.515983 ], [ -73.29559, 2.517955 ], [ -73.295299, 2.518567 ], [ -73.294801, 2.519221 ], [ -73.294662, 2.519596 ], [ -73.294455, 2.519902 ], [ -73.294205, 2.520138 ], [ -73.293929, 2.520236 ], [ -73.293403, 2.520152 ], [ -73.292255, 2.520151 ], [ -73.291854, 2.520067 ], [ -73.291508, 2.519984 ], [ -73.291163, 2.519622 ], [ -73.291177, 2.51933 ], [ -73.291814, 2.517049 ], [ -73.291831, 2.515704 ], [ -73.291687, 2.515454 ], [ -73.291483, 2.515424 ], [ -73.291178, 2.51557 ], [ -73.290756, 2.515995 ], [ -73.28967, 2.517423 ], [ -73.288121, 2.51873 ], [ -73.28718, 2.519369 ], [ -73.286695, 2.519536 ], [ -73.286433, 2.51948 ], [ -73.286184, 2.519285 ], [ -73.286046, 2.519118 ], [ -73.286018, 2.518909 ], [ -73.286101, 2.518617 ], [ -73.28653, 2.51788 ], [ -73.287555, 2.51667 ], [ -73.287832, 2.516226 ], [ -73.287417, 2.515838 ], [ -73.286655, 2.515626 ], [ -73.285971, 2.515333 ], [ -73.285332, 2.51504 ], [ -73.284503, 2.514542 ], [ -73.284212, 2.514308 ], [ -73.284096, 2.514103 ], [ -73.284082, 2.513825 ], [ -73.284271, 2.513577 ], [ -73.285725, 2.513665 ], [ -73.286511, 2.513212 ], [ -73.287296, 2.512964 ], [ -73.287398, 2.512862 ], [ -73.287384, 2.512701 ], [ -73.286919, 2.511662 ], [ -73.286076, 2.510506 ], [ -73.285582, 2.510067 ], [ -73.28484, 2.509613 ], [ -73.283896, 2.50872 ], [ -73.283169, 2.508413 ], [ -73.2825, 2.508266 ], [ -73.28218, 2.50831 ], [ -73.281874, 2.508456 ], [ -73.281379, 2.508836 ], [ -73.280666, 2.509581 ], [ -73.280288, 2.509844 ], [ -73.27767, 2.510764 ], [ -73.276986, 2.511554 ], [ -73.276593, 2.512241 ], [ -73.276447, 2.512256 ], [ -73.276287, 2.512153 ], [ -73.275197, 2.510675 ], [ -73.275096, 2.510236 ], [ -73.275196, 2.509274 ], [ -73.27513, 2.508877 ], [ -73.274916, 2.508562 ], [ -73.27462, 2.508347 ], [ -73.273716, 2.508247 ], [ -73.273485, 2.508131 ], [ -73.27342, 2.507916 ], [ -73.273551, 2.507668 ], [ -73.273716, 2.507535 ], [ -73.273946, 2.507486 ], [ -73.274571, 2.507619 ], [ -73.274769, 2.507536 ], [ -73.274851, 2.507304 ], [ -73.274786, 2.507023 ], [ -73.27449, 2.506394 ], [ -73.274062, 2.506096 ], [ -73.273816, 2.506096 ], [ -73.273404, 2.506427 ], [ -73.273223, 2.506708 ], [ -73.273009, 2.506857 ], [ -73.272696, 2.506906 ], [ -73.272384, 2.506873 ], [ -73.27217, 2.50674 ], [ -73.272022, 2.506525 ], [ -73.272121, 2.506029 ], [ -73.273141, 2.505649 ], [ -73.273668, 2.505252 ], [ -73.274244, 2.50512 ], [ -73.27426, 2.504905 ], [ -73.274129, 2.504723 ], [ -73.272501, 2.503994 ], [ -73.271547, 2.50348 ], [ -73.270791, 2.502421 ], [ -73.270577, 2.501908 ], [ -73.270363, 2.501858 ], [ -73.270083, 2.502007 ], [ -73.269721, 2.502453 ], [ -73.269376, 2.502552 ], [ -73.268285, 2.502485 ], [ -73.26806, 2.502402 ], [ -73.26755, 2.502452 ], [ -73.267105, 2.502617 ], [ -73.266546, 2.502964 ], [ -73.265459, 2.503791 ], [ -73.265229, 2.50389 ], [ -73.264949, 2.503873 ], [ -73.264637, 2.503724 ], [ -73.264308, 2.50331 ], [ -73.26421, 2.503095 ], [ -73.264309, 2.502036 ], [ -73.264276, 2.501738 ], [ -73.263717, 2.501208 ], [ -73.263224, 2.500976 ], [ -73.262911, 2.500993 ], [ -73.262681, 2.501158 ], [ -73.262334, 2.502415 ], [ -73.262153, 2.50263 ], [ -73.261939, 2.502713 ], [ -73.26161, 2.502713 ], [ -73.261314, 2.50263 ], [ -73.261166, 2.502481 ], [ -73.261117, 2.502233 ], [ -73.26115, 2.501935 ], [ -73.261414, 2.50119 ], [ -73.261365, 2.500611 ], [ -73.261102, 2.500479 ], [ -73.259424, 2.500511 ], [ -73.259045, 2.500577 ], [ -73.258667, 2.500709 ], [ -73.258157, 2.501106 ], [ -73.257877, 2.501701 ], [ -73.257761, 2.502661 ], [ -73.257909, 2.502909 ], [ -73.258205, 2.503025 ], [ -73.259027, 2.503026 ], [ -73.259307, 2.503175 ], [ -73.259438, 2.503324 ], [ -73.259619, 2.504002 ], [ -73.259783, 2.504234 ], [ -73.260079, 2.504449 ], [ -73.260737, 2.504731 ], [ -73.260885, 2.504913 ], [ -73.260901, 2.505178 ], [ -73.260753, 2.505426 ], [ -73.260424, 2.505608 ], [ -73.259206, 2.505921 ], [ -73.258417, 2.505838 ], [ -73.257743, 2.505556 ], [ -73.257562, 2.505424 ], [ -73.257512, 2.505242 ], [ -73.257776, 2.504315 ], [ -73.257743, 2.504001 ], [ -73.2573, 2.503521 ], [ -73.25674, 2.50319 ], [ -73.256411, 2.503123 ], [ -73.25475, 2.503205 ], [ -73.254536, 2.502973 ], [ -73.254454, 2.502675 ], [ -73.254471, 2.502444 ], [ -73.254586, 2.502245 ], [ -73.255228, 2.501948 ], [ -73.255968, 2.501716 ], [ -73.256051, 2.501319 ], [ -73.255607, 2.500872 ], [ -73.255097, 2.500607 ], [ -73.254932, 2.50064 ], [ -73.254784, 2.500789 ], [ -73.254603, 2.501302 ], [ -73.254389, 2.501517 ], [ -73.254191, 2.501533 ], [ -73.254093, 2.501318 ], [ -73.254027, 2.500838 ], [ -73.254225, 2.499796 ], [ -73.254505, 2.499449 ], [ -73.255049, 2.499002 ], [ -73.255147, 2.498738 ], [ -73.254999, 2.498456 ], [ -73.25426, 2.497843 ], [ -73.253848, 2.497612 ], [ -73.253322, 2.497578 ], [ -73.252746, 2.497644 ], [ -73.252285, 2.497859 ], [ -73.251643, 2.498454 ], [ -73.251232, 2.498702 ], [ -73.251018, 2.498569 ], [ -73.25087, 2.498238 ], [ -73.250937, 2.497196 ], [ -73.250756, 2.496716 ], [ -73.250164, 2.495706 ], [ -73.249951, 2.495508 ], [ -73.249671, 2.495458 ], [ -73.249358, 2.495574 ], [ -73.248437, 2.496152 ], [ -73.248173, 2.4964 ], [ -73.248009, 2.496714 ], [ -73.248156, 2.49774 ], [ -73.248008, 2.497906 ], [ -73.247778, 2.497939 ], [ -73.24735, 2.497839 ], [ -73.246906, 2.497657 ], [ -73.246084, 2.496928 ], [ -73.245771, 2.496547 ], [ -73.245443, 2.495902 ], [ -73.244654, 2.495024 ], [ -73.244473, 2.494644 ], [ -73.244078, 2.494462 ], [ -73.24319, 2.494378 ], [ -73.243042, 2.494213 ], [ -73.242976, 2.493964 ], [ -73.243076, 2.492757 ], [ -73.242879, 2.492028 ], [ -73.242895, 2.491648 ], [ -73.243768, 2.490424 ], [ -73.244098, 2.489845 ], [ -73.244196, 2.489531 ], [ -73.244131, 2.489134 ], [ -73.24395, 2.488869 ], [ -73.24349, 2.488604 ], [ -73.24293, 2.488421 ], [ -73.242486, 2.488305 ], [ -73.241943, 2.488272 ], [ -73.241252, 2.488271 ], [ -73.240232, 2.488519 ], [ -73.239771, 2.48875 ], [ -73.238784, 2.488799 ], [ -73.23811, 2.48913 ], [ -73.237484, 2.489791 ], [ -73.237303, 2.490089 ], [ -73.235789, 2.490849 ], [ -73.23546, 2.491163 ], [ -73.234884, 2.49151 ], [ -73.234604, 2.491461 ], [ -73.234374, 2.491146 ], [ -73.234095, 2.489971 ], [ -73.233997, 2.488763 ], [ -73.23408, 2.487688 ], [ -73.234343, 2.487456 ], [ -73.234936, 2.487357 ], [ -73.235462, 2.487341 ], [ -73.236317, 2.487491 ], [ -73.236646, 2.487772 ], [ -73.237106, 2.4885 ], [ -73.237304, 2.488649 ], [ -73.237485, 2.488616 ], [ -73.237831, 2.487657 ], [ -73.238062, 2.486085 ], [ -73.238046, 2.485506 ], [ -73.237799, 2.48534 ], [ -73.237405, 2.48534 ], [ -73.23696, 2.485456 ], [ -73.23543, 2.486315 ], [ -73.234887, 2.486497 ], [ -73.234212, 2.486596 ], [ -73.233225, 2.486529 ], [ -73.232551, 2.48671 ], [ -73.232353, 2.486992 ], [ -73.232369, 2.487455 ], [ -73.232747, 2.488597 ], [ -73.232632, 2.488762 ], [ -73.232335, 2.488828 ], [ -73.230986, 2.488728 ], [ -73.229802, 2.488413 ], [ -73.229457, 2.488131 ], [ -73.229309, 2.487867 ], [ -73.229211, 2.486774 ], [ -73.229261, 2.486113 ], [ -73.228901, 2.483068 ], [ -73.228786, 2.482373 ], [ -73.228655, 2.482025 ], [ -73.228457, 2.481942 ], [ -73.228161, 2.482058 ], [ -73.227865, 2.482339 ], [ -73.227058, 2.48396 ], [ -73.225838, 2.487318 ], [ -73.224668, 2.490941 ], [ -73.223926, 2.492562 ], [ -73.223548, 2.493058 ], [ -73.223333, 2.493488 ], [ -73.223218, 2.493952 ], [ -73.222988, 2.494167 ], [ -73.222642, 2.494266 ], [ -73.221556, 2.494033 ], [ -73.220339, 2.493354 ], [ -73.217182, 2.491284 ], [ -73.216837, 2.490837 ], [ -73.21641, 2.490026 ], [ -73.216114, 2.489827 ], [ -73.215719, 2.489976 ], [ -73.215324, 2.490389 ], [ -73.215077, 2.490885 ], [ -73.214961, 2.491481 ], [ -73.214961, 2.492159 ], [ -73.215207, 2.492921 ], [ -73.218288, 2.4987 ], [ -73.218572, 2.499428 ], [ -73.218682, 2.500223 ], [ -73.218637, 2.501193 ], [ -73.218417, 2.502142 ], [ -73.218066, 2.502715 ], [ -73.217715, 2.503002 ], [ -73.217298, 2.50309 ], [ -73.216815, 2.502913 ], [ -73.216179, 2.502515 ], [ -73.2155, 2.501875 ], [ -73.214755, 2.501014 ], [ -73.213703, 2.499381 ], [ -73.211534, 2.494548 ], [ -73.211228, 2.493974 ], [ -73.210931, 2.493662 ], [ -73.210553, 2.493613 ], [ -73.210276, 2.493737 ], [ -73.209494, 2.494944 ], [ -73.208945, 2.495605 ], [ -73.208638, 2.496223 ], [ -73.208082, 2.496991 ], [ -73.20776, 2.497083 ], [ -73.207507, 2.49693 ], [ -73.207234, 2.495604 ], [ -73.206796, 2.494412 ], [ -73.206425, 2.492228 ], [ -73.206162, 2.491412 ], [ -73.205899, 2.490904 ], [ -73.205461, 2.49044 ], [ -73.204869, 2.490065 ], [ -73.204409, 2.489668 ], [ -73.20408, 2.489182 ], [ -73.203817, 2.488674 ], [ -73.203664, 2.488079 ], [ -73.203665, 2.487086 ], [ -73.203577, 2.486667 ], [ -73.203007, 2.485894 ], [ -73.202241, 2.484062 ], [ -73.20167, 2.483028 ], [ -73.201427, 2.482867 ], [ -73.201174, 2.482815 ], [ -73.199745, 2.48297 ], [ -73.199106, 2.483166 ], [ -73.198878, 2.48356 ], [ -73.198869, 2.48395 ], [ -73.199256, 2.484457 ], [ -73.199422, 2.484896 ], [ -73.199231, 2.485158 ], [ -73.19912, 2.485188 ], [ -73.198848, 2.485096 ], [ -73.198413, 2.484616 ], [ -73.198213, 2.484111 ], [ -73.198158, 2.483687 ], [ -73.198294, 2.482516 ], [ -73.19825, 2.481964 ], [ -73.198097, 2.480883 ], [ -73.197922, 2.480596 ], [ -73.197703, 2.480375 ], [ -73.197418, 2.48022 ], [ -73.197067, 2.48011 ], [ -73.19676, 2.48011 ], [ -73.195881, 2.481389 ], [ -73.19553, 2.481543 ], [ -73.195179, 2.481521 ], [ -73.19439, 2.48088 ], [ -73.194105, 2.480417 ], [ -73.193886, 2.479821 ], [ -73.193868, 2.47936 ] ] ] } },
{ "type": "Feature", "properties": { "vid": 29, "nombre": "Palmar Alto" }, "geometry": { "type": "Polygon", "coordinates": [ [ [ -73.50131, 2.082487 ], [ -73.508847, 2.083753 ], [ -73.517362, 2.085715 ], [ -73.526116, 2.085888 ], [ -73.505524, 2.112346 ], [ -73.498393, 2.12731 ], [ -73.496967, 2.141561 ], [ -73.498393, 2.165074 ], [ -73.475576, 2.163649 ], [ -73.455284, 2.16353 ], [ -73.445658, 2.165312 ], [ -73.43211, 2.168518 ], [ -73.420345, 2.171012 ], [ -73.409293, 2.175287 ], [ -73.423049, 2.15878 ], [ -73.438498, 2.143936 ], [ -73.443846, 2.134435 ], [ -73.452165, 2.116621 ], [ -73.464167, 2.09952 ], [ -73.469872, 2.09382 ], [ -73.49055, 2.088119 ], [ -73.50131, 2.082487 ] ] ] } },
{ "type": "Feature", "properties": { "vid": 30, "nombre": "Peña Roja" }, "geometry": { "type": "Polygon", "coordinates": [ [ [ -73.632981, 2.232205 ], [ -73.632994, 2.263357 ], [ -73.62983, 2.258531 ], [ -73.628048, 2.256394 ], [ -73.625908, 2.250694 ], [ -73.626978, 2.236801 ], [ -73.62983, 2.232169 ], [ -73.632981, 2.232205 ] ] ] } },
{ "type": "Feature", "properties": { "vid": 31, "nombre": "Retiro De Caño Lajas" }, "geometry": { "type": "Polygon", "coordinates": [ [ [ -72.963135, 2.31725 ], [ -72.963135, 2.311126 ], [ -72.967179, 2.312857 ], [ -72.969675, 2.318557 ], [ -72.963135, 2.31725 ] ] ] } },
{ "type": "Feature", "properties": { "vid": 32, "nombre": "San Antonio Alto" }, "geometry": { "type": "Polygon", "coordinates": [ [ [ -73.441273, 2.385973 ], [ -73.440357, 2.385405 ], [ -73.439949, 2.38505 ], [ -73.439611, 2.384628 ], [ -73.438527, 2.382753 ], [ -73.437666, 2.380763 ], [ -73.436563, 2.377704 ], [ -73.435904, 2.376219 ], [ -73.435284, 2.373579 ], [ -73.434951, 2.372548 ], [ -73.433638, 2.369573 ], [ -73.432005, 2.364975 ], [ -73.431371, 2.362901 ], [ -73.430885, 2.360234 ], [ -73.430751, 2.358612 ], [ -73.430872, 2.356993 ], [ -73.431703, 2.354414 ], [ -73.432946, 2.351408 ], [ -73.433671, 2.349954 ], [ -73.435869, 2.347567 ], [ -73.437033, 2.346437 ], [ -73.437704, 2.345588 ], [ -73.438612, 2.344241 ], [ -73.439123, 2.343286 ], [ -73.439995, 2.340721 ], [ -73.440884, 2.338744 ], [ -73.441089, 2.337681 ], [ -73.441128, 2.336597 ], [ -73.441046, 2.334429 ], [ -73.440816, 2.33282 ], [ -73.440244, 2.331299 ], [ -73.439264, 2.329367 ], [ -73.438315, 2.32805 ], [ -73.437201, 2.326873 ], [ -73.436315, 2.326255 ], [ -73.434892, 2.325481 ], [ -73.433863, 2.325167 ], [ -73.432258, 2.324971 ], [ -73.430102, 2.324959 ], [ -73.429037, 2.325128 ], [ -73.428039, 2.325533 ], [ -73.427137, 2.326126 ], [ -73.425944, 2.327223 ], [ -73.424914, 2.328477 ], [ -73.424123, 2.329893 ], [ -73.423812, 2.330931 ], [ -73.423541, 2.332535 ], [ -73.423122, 2.336308 ], [ -73.423058, 2.338477 ], [ -73.423264, 2.340089 ], [ -73.424252, 2.343753 ], [ -73.424477, 2.344815 ], [ -73.424701, 2.346426 ], [ -73.424723, 2.34751 ], [ -73.424492, 2.348568 ], [ -73.424098, 2.349577 ], [ -73.422983, 2.351433 ], [ -73.422669, 2.351871 ], [ -73.421483, 2.352979 ], [ -73.420633, 2.353647 ], [ -73.420169, 2.353922 ], [ -73.418171, 2.354738 ], [ -73.414271, 2.356595 ], [ -73.413239, 2.356899 ], [ -73.412162, 2.356969 ], [ -73.411091, 2.356859 ], [ -73.407979, 2.355973 ], [ -73.406366, 2.355852 ], [ -73.403197, 2.355195 ], [ -73.397673, 2.354401 ], [ -73.39662, 2.354169 ], [ -73.394583, 2.353455 ], [ -73.392605, 2.352589 ], [ -73.391188, 2.351806 ], [ -73.390348, 2.351127 ], [ -73.389593, 2.350353 ], [ -73.388954, 2.34948 ], [ -73.388491, 2.348502 ], [ -73.388176, 2.347464 ], [ -73.38794, 2.346406 ], [ -73.387838, 2.345326 ], [ -73.38788, 2.343157 ], [ -73.388058, 2.342088 ], [ -73.388352, 2.341638 ], [ -73.388738, 2.341259 ], [ -73.390079, 2.33956 ], [ -73.390816, 2.338768 ], [ -73.392809, 2.33694 ], [ -73.394985, 2.335341 ], [ -73.395366, 2.334957 ], [ -73.396006, 2.334085 ], [ -73.396495, 2.333119 ], [ -73.396746, 2.332068 ], [ -73.396681, 2.330444 ], [ -73.396486, 2.329378 ], [ -73.396302, 2.328868 ], [ -73.396021, 2.328406 ], [ -73.395228, 2.327676 ], [ -73.393461, 2.32643 ], [ -73.392524, 2.325893 ], [ -73.392031, 2.325675 ], [ -73.390451, 2.325333 ], [ -73.386915, 2.324009 ], [ -73.386378, 2.32396 ], [ -73.383143, 2.324026 ], [ -73.380997, 2.324235 ], [ -73.379958, 2.32452 ], [ -73.378497, 2.325217 ], [ -73.377611, 2.325834 ], [ -73.37682, 2.32657 ], [ -73.375467, 2.328258 ], [ -73.374726, 2.329701 ], [ -73.374438, 2.330746 ], [ -73.374272, 2.331818 ], [ -73.374134, 2.333439 ], [ -73.37408, 2.335609 ], [ -73.374133, 2.337235 ], [ -73.374314, 2.338852 ], [ -73.374297, 2.339937 ], [ -73.374089, 2.342096 ], [ -73.373388, 2.346926 ], [ -73.373442, 2.347464 ], [ -73.373833, 2.348475 ], [ -73.37392, 2.34901 ], [ -73.374007, 2.350635 ], [ -73.374013, 2.352804 ], [ -73.37465, 2.357095 ], [ -73.374863, 2.360886 ], [ -73.374848, 2.361428 ], [ -73.374608, 2.362483 ], [ -73.374361, 2.362965 ], [ -73.374007, 2.363373 ], [ -73.373138, 2.364011 ], [ -73.372644, 2.364227 ], [ -73.3713, 2.36431 ], [ -73.370259, 2.36459 ], [ -73.366693, 2.365838 ], [ -73.361694, 2.367875 ], [ -73.360138, 2.368314 ], [ -73.356909, 2.368504 ], [ -73.355835, 2.368418 ], [ -73.355313, 2.368284 ], [ -73.354375, 2.367754 ], [ -73.348246, 2.363321 ], [ -73.34752, 2.362521 ], [ -73.346918, 2.361621 ], [ -73.346415, 2.360661 ], [ -73.346019, 2.359653 ], [ -73.345474, 2.356998 ], [ -73.345147, 2.353759 ], [ -73.345092, 2.352134 ], [ -73.345182, 2.35073 ], [ -73.345406, 2.349119 ], [ -73.345693, 2.348074 ], [ -73.346374, 2.346599 ], [ -73.347056, 2.345764 ], [ -73.347339, 2.345303 ], [ -73.347999, 2.343819 ], [ -73.348876, 2.342453 ], [ -73.349668, 2.34172 ], [ -73.351949, 2.340275 ], [ -73.353392, 2.339542 ], [ -73.35493, 2.339038 ], [ -73.355416, 2.338802 ], [ -73.35804, 2.336902 ], [ -73.358443, 2.336543 ], [ -73.359155, 2.335089 ], [ -73.359805, 2.334224 ], [ -73.360014, 2.333726 ], [ -73.360194, 2.332658 ], [ -73.360155, 2.331034 ], [ -73.359396, 2.327315 ], [ -73.359226, 2.326801 ], [ -73.358697, 2.325856 ], [ -73.358039, 2.324997 ], [ -73.357644, 2.324629 ], [ -73.356707, 2.324095 ], [ -73.355912, 2.324165 ], [ -73.35239, 2.325528 ], [ -73.348594, 2.326547 ], [ -73.345483, 2.326747 ], [ -73.34397, 2.326928 ], [ -73.342893, 2.326846 ], [ -73.341744, 2.327125 ], [ -73.340214, 2.327653 ], [ -73.338256, 2.32856 ], [ -73.336923, 2.329481 ], [ -73.3349, 2.331272 ], [ -73.334166, 2.332068 ], [ -73.333165, 2.333346 ], [ -73.332572, 2.334252 ], [ -73.332059, 2.335206 ], [ -73.331008, 2.337703 ], [ -73.33074, 2.338753 ], [ -73.330217, 2.341964 ], [ -73.329944, 2.343014 ], [ -73.329845, 2.34409 ], [ -73.330085, 2.345146 ], [ -73.330947, 2.347132 ], [ -73.332248, 2.348861 ], [ -73.33521, 2.352016 ], [ -73.335804, 2.352921 ], [ -73.336202, 2.353926 ], [ -73.336278, 2.354462 ], [ -73.336255, 2.355546 ], [ -73.335999, 2.356596 ], [ -73.335757, 2.357081 ], [ -73.335169, 2.357989 ], [ -73.334394, 2.35874 ], [ -73.333458, 2.359276 ], [ -73.332464, 2.359696 ], [ -73.330411, 2.360356 ], [ -73.329346, 2.36053 ], [ -73.326653, 2.360665 ], [ -73.32559, 2.360849 ], [ -73.325053, 2.360886 ], [ -73.324517, 2.360829 ], [ -73.323467, 2.360582 ], [ -73.322443, 2.360242 ], [ -73.320039, 2.359018 ], [ -73.319628, 2.358668 ], [ -73.319281, 2.358253 ], [ -73.317802, 2.355986 ], [ -73.315658, 2.35355 ], [ -73.315091, 2.352629 ], [ -73.314248, 2.350633 ], [ -73.313224, 2.348724 ], [ -73.312569, 2.347863 ], [ -73.311479, 2.34666 ], [ -73.308862, 2.343211 ], [ -73.307279, 2.34174 ], [ -73.305575, 2.340409 ], [ -73.304679, 2.339806 ], [ -73.304301, 2.33942 ], [ -73.302982, 2.337702 ], [ -73.301865, 2.336527 ], [ -73.301164, 2.33614 ], [ -73.300645, 2.335994 ], [ -73.300109, 2.335935 ], [ -73.299576, 2.336003 ], [ -73.299082, 2.336218 ], [ -73.297263, 2.337385 ], [ -73.294205, 2.33961 ], [ -73.289737, 2.343536 ], [ -73.285032, 2.34717 ], [ -73.284274, 2.34794 ], [ -73.283393, 2.349305 ], [ -73.282342, 2.350541 ], [ -73.281217, 2.351711 ], [ -73.279992, 2.352773 ], [ -73.279078, 2.353347 ], [ -73.275275, 2.355397 ], [ -73.272505, 2.35708 ], [ -73.271076, 2.357841 ], [ -73.270573, 2.358036 ], [ -73.268982, 2.358324 ], [ -73.267426, 2.358769 ], [ -73.265813, 2.358847 ], [ -73.264205, 2.358676 ], [ -73.261579, 2.358059 ], [ -73.258978, 2.357344 ], [ -73.25795, 2.357016 ], [ -73.256956, 2.356596 ], [ -73.255151, 2.35541 ], [ -73.253056, 2.353705 ], [ -73.250456, 2.350953 ], [ -73.247763, 2.348295 ], [ -73.246868, 2.347693 ], [ -73.245875, 2.347275 ], [ -73.245344, 2.347181 ], [ -73.244062, 2.347134 ], [ -73.242475, 2.347332 ], [ -73.24102, 2.348192 ], [ -73.24016, 2.349052 ], [ -73.239725, 2.349776 ], [ -73.241491, 2.328235 ], [ -73.24363, 2.311492 ], [ -73.244343, 2.302586 ], [ -73.246482, 2.280856 ], [ -73.244343, 2.272662 ], [ -73.236143, 2.271237 ], [ -73.221526, 2.276225 ], [ -73.2119, 2.278362 ], [ -73.200135, 2.287624 ], [ -73.18837, 2.29368 ], [ -73.177674, 2.298311 ], [ -73.16579, 2.309948 ], [ -73.150341, 2.309948 ], [ -73.121225, 2.308761 ], [ -73.091307, 2.308048 ], [ -73.104855, 2.300211 ], [ -73.104499, 2.296293 ], [ -73.101646, 2.283112 ], [ -73.098081, 2.277768 ], [ -73.094159, 2.264944 ], [ -73.088455, 2.263163 ], [ -73.079275, 2.252416 ], [ -73.068342, 2.235316 ], [ -73.054081, 2.218216 ], [ -73.048852, 2.204441 ], [ -73.04695, 2.193516 ], [ -73.043147, 2.18354 ], [ -73.040295, 2.172615 ], [ -73.023561, 2.114087 ], [ -73.023718, 2.113691 ], [ -73.023716, 2.112078 ], [ -73.023071, 2.109497 ], [ -73.022427, 2.107724 ], [ -73.020018, 2.104662 ], [ -73.01793, 2.101761 ], [ -73.016805, 2.099665 ], [ -73.015037, 2.095957 ], [ -73.014873, 2.092892 ], [ -73.015511, 2.090471 ], [ -73.016632, 2.089179 ], [ -73.019517, 2.08853 ], [ -73.022404, 2.088849 ], [ -73.024487, 2.087395 ], [ -73.026089, 2.085941 ], [ -73.027529, 2.084003 ], [ -73.03377, 2.073348 ], [ -73.043054, 2.06027 ], [ -73.050582, 2.053969 ], [ -73.056991, 2.049605 ], [ -73.065805, 2.045723 ], [ -73.069169, 2.043299 ], [ -73.071251, 2.041199 ], [ -73.075256, 2.038613 ], [ -73.078943, 2.037641 ], [ -73.083751, 2.036183 ], [ -73.090641, 2.032948 ], [ -73.097851, 2.028422 ], [ -73.104422, 2.026478 ], [ -73.107786, 2.024054 ], [ -73.110831, 2.022437 ], [ -73.112755, 2.022434 ], [ -73.115482, 2.02356 ], [ -73.119013, 2.026943 ], [ -73.121744, 2.03065 ], [ -73.12239, 2.035005 ], [ -73.124158, 2.037906 ], [ -73.126567, 2.040807 ], [ -73.130096, 2.042738 ], [ -73.133784, 2.042733 ], [ -73.137632, 2.042567 ], [ -73.141318, 2.041271 ], [ -73.145967, 2.041265 ], [ -73.149335, 2.041745 ], [ -73.152705, 2.043676 ], [ -73.154793, 2.047061 ], [ -73.15576, 2.050447 ], [ -73.155764, 2.053835 ], [ -73.154165, 2.056871 ], [ -73.153322, 2.058175 ], [ -73.153323, 2.059251 ], [ -73.152818, 2.060385 ], [ -73.1522, 2.061462 ], [ -73.151582, 2.062142 ], [ -73.151245, 2.062879 ], [ -73.151697, 2.064464 ], [ -73.151529, 2.065201 ], [ -73.151136, 2.065938 ], [ -73.150012, 2.067412 ], [ -73.149675, 2.068432 ], [ -73.149677, 2.069338 ], [ -73.150354, 2.0703 ], [ -73.151818, 2.070921 ], [ -73.152382, 2.071544 ], [ -73.153059, 2.072789 ], [ -73.153623, 2.073638 ], [ -73.156112, 2.075127 ], [ -73.16317, 2.077053 ], [ -73.165735, 2.07705 ], [ -73.169421, 2.075916 ], [ -73.172144, 2.073654 ], [ -73.174547, 2.072038 ], [ -73.177424, 2.06542 ], [ -73.178861, 2.060741 ], [ -73.180165, 2.055834 ], [ -73.182535, 2.050251 ], [ -73.184616, 2.048312 ], [ -73.187501, 2.047663 ], [ -73.190066, 2.046853 ], [ -73.194394, 2.046686 ], [ -73.197441, 2.047166 ], [ -73.199205, 2.047325 ], [ -73.202732, 2.047321 ], [ -73.204013, 2.04619 ], [ -73.206097, 2.04538 ], [ -73.207698, 2.04441 ], [ -73.209943, 2.044407 ], [ -73.212508, 2.044243 ], [ -73.214111, 2.044241 ], [ -73.217961, 2.045687 ], [ -73.220048, 2.047781 ], [ -73.223096, 2.048906 ], [ -73.226945, 2.049708 ], [ -73.230151, 2.049865 ], [ -73.232395, 2.049378 ], [ -73.23608, 2.047598 ], [ -73.238964, 2.046304 ], [ -73.243933, 2.045491 ], [ -73.245535, 2.044359 ], [ -73.247617, 2.042582 ], [ -73.248736, 2.040323 ], [ -73.250336, 2.03774 ], [ -73.25386, 2.035315 ], [ -73.256425, 2.035151 ], [ -73.260273, 2.035952 ], [ -73.263159, 2.035787 ], [ -73.265402, 2.034493 ], [ -73.268125, 2.032715 ], [ -73.270528, 2.031422 ], [ -73.273413, 2.030934 ], [ -73.276298, 2.030607 ], [ -73.278542, 2.029959 ], [ -73.280465, 2.029795 ], [ -73.283188, 2.028178 ], [ -73.285589, 2.024949 ], [ -73.286548, 2.023335 ], [ -73.287831, 2.023656 ], [ -73.290078, 2.025266 ], [ -73.291523, 2.026877 ], [ -73.292646, 2.027681 ], [ -73.294569, 2.026872 ], [ -73.295369, 2.025581 ], [ -73.296971, 2.024772 ], [ -73.298414, 2.02477 ], [ -73.300178, 2.025413 ], [ -73.300821, 2.026864 ], [ -73.301305, 2.029121 ], [ -73.301629, 2.031379 ], [ -73.302592, 2.032345 ], [ -73.304677, 2.032826 ], [ -73.30596, 2.03347 ], [ -73.307243, 2.033468 ], [ -73.309166, 2.033143 ], [ -73.309969, 2.033625 ], [ -73.311414, 2.035398 ], [ -73.311256, 2.037172 ], [ -73.311259, 2.039269 ], [ -73.310462, 2.042496 ], [ -73.310785, 2.044592 ], [ -73.310305, 2.045399 ], [ -73.309345, 2.046691 ], [ -73.308706, 2.048143 ], [ -73.308868, 2.049595 ], [ -73.30791, 2.051854 ], [ -73.308234, 2.054434 ], [ -73.313689, 2.05733 ], [ -73.321067, 2.059739 ], [ -73.326839, 2.060699 ], [ -73.330046, 2.061339 ], [ -73.335818, 2.061492 ], [ -73.341688, 2.061775 ], [ -73.347852, 2.063206 ], [ -73.355581, 2.063206 ], [ -73.36044, 2.063427 ], [ -73.377887, 2.063427 ], [ -73.382745, 2.063648 ], [ -73.385616, 2.06431 ], [ -73.392736, 2.065602 ], [ -73.393855, 2.064473 ], [ -73.395618, 2.063986 ], [ -73.397221, 2.063984 ], [ -73.402996, 2.066717 ], [ -73.4054, 2.066714 ], [ -73.406362, 2.066551 ], [ -73.407805, 2.066549 ], [ -73.40941, 2.067675 ], [ -73.410853, 2.068157 ], [ -73.413578, 2.068314 ], [ -73.416142, 2.067504 ], [ -73.420308, 2.066046 ], [ -73.424795, 2.06475 ], [ -73.428801, 2.063937 ], [ -73.432808, 2.06377 ], [ -73.436338, 2.065861 ], [ -73.438106, 2.069245 ], [ -73.43923, 2.070373 ], [ -73.441314, 2.07037 ], [ -73.441881, 2.070305 ], [ -73.444085, 2.071435 ], [ -73.455792, 2.072133 ], [ -73.473065, 2.075447 ], [ -73.475965, 2.076538 ], [ -73.49429, 2.081307 ], [ -73.50131, 2.082487 ], [ -73.49055, 2.088119 ], [ -73.469872, 2.09382 ], [ -73.464167, 2.09952 ], [ -73.452165, 2.116621 ], [ -73.443846, 2.134435 ], [ -73.438498, 2.143936 ], [ -73.423049, 2.15878 ], [ -73.409293, 2.175287 ], [ -73.420345, 2.171012 ], [ -73.43211, 2.168518 ], [ -73.445658, 2.165312 ], [ -73.455284, 2.16353 ], [ -73.459562, 2.16353 ], [ -73.464554, 2.182769 ], [ -73.468475, 2.199157 ], [ -73.470258, 2.225519 ], [ -73.470902, 2.233564 ], [ -73.494828, 2.228488 ], [ -73.518358, 2.231338 ], [ -73.538566, 2.232317 ], [ -73.536897, 2.242738 ], [ -73.526915, 2.266963 ], [ -73.511911, 2.282875 ], [ -73.54994, 2.287624 ], [ -73.582027, 2.289999 ], [ -73.56836, 2.299499 ], [ -73.553505, 2.308998 ], [ -73.534491, 2.321466 ], [ -73.52736, 2.335122 ], [ -73.518491, 2.338918 ], [ -73.518733, 2.337622 ], [ -73.518743, 2.33708 ], [ -73.518624, 2.336553 ], [ -73.518351, 2.336086 ], [ -73.517632, 2.335279 ], [ -73.516789, 2.334602 ], [ -73.515878, 2.334022 ], [ -73.5149, 2.333566 ], [ -73.51282, 2.332998 ], [ -73.511746, 2.332979 ], [ -73.510162, 2.333311 ], [ -73.509129, 2.333622 ], [ -73.507659, 2.334299 ], [ -73.506751, 2.334884 ], [ -73.506353, 2.335248 ], [ -73.505708, 2.336118 ], [ -73.505171, 2.337058 ], [ -73.504969, 2.337561 ], [ -73.504886, 2.338095 ], [ -73.50497, 2.340805 ], [ -73.505148, 2.341873 ], [ -73.505681, 2.343408 ], [ -73.505916, 2.343896 ], [ -73.507342, 2.346197 ], [ -73.508472, 2.348659 ], [ -73.508662, 2.349722 ], [ -73.508588, 2.35189 ], [ -73.508478, 2.352421 ], [ -73.508084, 2.35343 ], [ -73.507013, 2.355312 ], [ -73.506678, 2.355737 ], [ -73.505863, 2.356444 ], [ -73.504442, 2.357216 ], [ -73.503414, 2.357542 ], [ -73.502359, 2.35777 ], [ -73.498627, 2.358322 ], [ -73.498095, 2.358242 ], [ -73.497141, 2.357739 ], [ -73.496119, 2.357397 ], [ -73.492932, 2.356837 ], [ -73.491588, 2.356832 ], [ -73.489994, 2.357091 ], [ -73.485961, 2.356801 ], [ -73.48543, 2.35689 ], [ -73.484417, 2.357261 ], [ -73.480452, 2.358971 ], [ -73.477584, 2.360484 ], [ -73.475594, 2.361321 ], [ -73.474566, 2.36165 ], [ -73.473501, 2.361796 ], [ -73.471887, 2.361687 ], [ -73.470816, 2.361555 ], [ -73.469779, 2.361264 ], [ -73.468328, 2.360547 ], [ -73.467464, 2.3599 ], [ -73.466683, 2.359152 ], [ -73.464464, 2.356086 ], [ -73.463471, 2.354161 ], [ -73.463141, 2.35313 ], [ -73.463012, 2.352053 ], [ -73.462762, 2.342292 ], [ -73.462643, 2.341764 ], [ -73.462193, 2.340778 ], [ -73.461242, 2.339467 ], [ -73.460847, 2.339097 ], [ -73.460392, 2.338807 ], [ -73.459401, 2.33838 ], [ -73.458881, 2.33824 ], [ -73.456735, 2.338014 ], [ -73.455391, 2.338079 ], [ -73.453801, 2.338379 ], [ -73.451727, 2.338975 ], [ -73.450743, 2.339416 ], [ -73.450301, 2.339727 ], [ -73.447935, 2.341946 ], [ -73.447278, 2.342806 ], [ -73.44675, 2.343751 ], [ -73.446186, 2.345275 ], [ -73.445946, 2.346332 ], [ -73.445779, 2.34795 ], [ -73.445782, 2.349577 ], [ -73.445988, 2.35064 ], [ -73.446632, 2.352132 ], [ -73.446836, 2.353196 ], [ -73.448514, 2.356594 ], [ -73.449449, 2.359137 ], [ -73.450432, 2.361066 ], [ -73.45161, 2.364674 ], [ -73.451808, 2.365737 ], [ -73.451715, 2.367358 ], [ -73.451943, 2.368418 ], [ -73.452826, 2.370979 ], [ -73.453833, 2.372896 ], [ -73.454031, 2.373401 ], [ -73.455021, 2.3765 ], [ -73.45543, 2.378075 ], [ -73.455779, 2.380215 ], [ -73.455784, 2.381299 ], [ -73.455679, 2.382378 ], [ -73.455482, 2.382879 ], [ -73.455088, 2.383248 ], [ -73.454621, 2.383519 ], [ -73.453119, 2.384123 ], [ -73.452099, 2.384473 ], [ -73.450534, 2.384887 ], [ -73.446851, 2.385722 ], [ -73.446392, 2.385952 ], [ -73.445513, 2.385936 ], [ -73.443384, 2.386287 ], [ -73.442845, 2.386313 ], [ -73.44178, 2.386157 ], [ -73.441273, 2.385973 ] ] ] } },
{ "type": "Feature", "properties": { "vid": 33, "nombre": "San Jorge" }, "geometry": { "type": "Polygon", "coordinates": [ [ [ -73.035619, 2.415908 ], [ -73.039968, 2.413845 ], [ -73.047455, 2.414201 ], [ -73.056368, 2.413489 ], [ -73.058864, 2.409927 ], [ -73.059221, 2.403159 ], [ -73.060647, 2.392829 ], [ -73.065281, 2.38428 ], [ -73.065638, 2.372168 ], [ -73.062073, 2.363975 ], [ -73.058864, 2.358276 ], [ -73.058864, 2.353289 ], [ -73.062073, 2.34189 ], [ -73.066351, 2.334409 ], [ -73.070273, 2.32301 ], [ -73.06849, 2.320516 ], [ -73.082751, 2.318379 ], [ -73.084177, 2.313036 ], [ -73.091307, 2.308048 ], [ -73.121225, 2.308761 ], [ -73.150341, 2.309948 ], [ -73.16579, 2.309948 ], [ -73.177674, 2.298311 ], [ -73.18837, 2.29368 ], [ -73.200135, 2.287624 ], [ -73.2119, 2.278362 ], [ -73.221526, 2.276225 ], [ -73.236143, 2.271237 ], [ -73.244343, 2.272662 ], [ -73.246482, 2.280856 ], [ -73.244343, 2.302586 ], [ -73.24363, 2.311492 ], [ -73.241491, 2.328235 ], [ -73.239736, 2.349682 ], [ -73.239366, 2.350375 ], [ -73.238638, 2.352227 ], [ -73.238175, 2.35388 ], [ -73.238109, 2.356195 ], [ -73.238308, 2.360627 ], [ -73.238175, 2.362413 ], [ -73.238572, 2.365984 ], [ -73.239168, 2.367704 ], [ -73.241152, 2.371342 ], [ -73.242409, 2.372533 ], [ -73.24393, 2.373392 ], [ -73.245517, 2.373789 ], [ -73.250875, 2.373855 ], [ -73.251999, 2.373657 ], [ -73.255306, 2.372334 ], [ -73.259341, 2.371673 ], [ -73.26159, 2.371673 ], [ -73.263376, 2.371937 ], [ -73.265823, 2.373459 ], [ -73.267146, 2.374914 ], [ -73.268072, 2.376435 ], [ -73.268336, 2.378022 ], [ -73.268336, 2.379147 ], [ -73.267873, 2.380867 ], [ -73.267675, 2.381197 ], [ -73.267344, 2.38133 ], [ -73.266947, 2.38133 ], [ -73.265029, 2.380999 ], [ -73.263111, 2.3808 ], [ -73.261656, 2.380734 ], [ -73.260201, 2.3808 ], [ -73.259076, 2.380999 ], [ -73.258217, 2.381263 ], [ -73.256166, 2.381197 ], [ -73.254711, 2.381065 ], [ -73.253057, 2.381528 ], [ -73.248758, 2.383711 ], [ -73.247237, 2.384372 ], [ -73.245914, 2.385497 ], [ -73.245054, 2.386489 ], [ -73.244267, 2.387112 ], [ -73.243304, 2.387597 ], [ -73.240283, 2.388754 ], [ -73.238673, 2.388901 ], [ -73.236516, 2.388848 ], [ -73.23172, 2.388102 ], [ -73.229573, 2.387919 ], [ -73.227978, 2.388188 ], [ -73.225946, 2.388909 ], [ -73.225041, 2.389493 ], [ -73.224695, 2.389908 ], [ -73.223923, 2.391337 ], [ -73.222776, 2.393175 ], [ -73.221722, 2.395068 ], [ -73.220796, 2.397027 ], [ -73.22016, 2.399099 ], [ -73.219603, 2.400627 ], [ -73.218215, 2.403566 ], [ -73.217843, 2.404583 ], [ -73.217476, 2.404977 ], [ -73.217026, 2.405275 ], [ -73.216523, 2.405468 ], [ -73.215987, 2.405509 ], [ -73.215454, 2.405426 ], [ -73.214944, 2.405252 ], [ -73.21406, 2.404637 ], [ -73.212921, 2.403482 ], [ -73.21196, 2.402175 ], [ -73.211501, 2.401196 ], [ -73.211264, 2.400139 ], [ -73.211222, 2.399056 ], [ -73.211339, 2.398528 ], [ -73.211574, 2.39804 ], [ -73.212455, 2.396675 ], [ -73.212944, 2.395709 ], [ -73.213268, 2.395276 ], [ -73.214399, 2.394112 ], [ -73.215636, 2.393064 ], [ -73.216405, 2.392304 ], [ -73.217085, 2.391462 ], [ -73.217662, 2.390547 ], [ -73.217991, 2.389517 ], [ -73.218125, 2.388441 ], [ -73.218067, 2.38736 ], [ -73.217939, 2.386833 ], [ -73.217687, 2.386356 ], [ -73.217296, 2.385984 ], [ -73.216366, 2.385437 ], [ -73.213848, 2.384471 ], [ -73.212785, 2.384297 ], [ -73.211976, 2.384285 ], [ -73.209289, 2.384504 ], [ -73.207671, 2.38451 ], [ -73.206597, 2.384415 ], [ -73.205061, 2.383915 ], [ -73.202641, 2.382718 ], [ -73.201596, 2.382467 ], [ -73.200521, 2.382528 ], [ -73.199483, 2.382817 ], [ -73.198072, 2.383606 ], [ -73.196812, 2.384626 ], [ -73.196337, 2.384882 ], [ -73.192853, 2.386343 ], [ -73.192337, 2.3865 ], [ -73.18968, 2.386963 ], [ -73.188633, 2.387222 ], [ -73.187118, 2.387789 ], [ -73.186182, 2.388327 ], [ -73.185755, 2.388658 ], [ -73.184921, 2.390045 ], [ -73.184184, 2.391494 ], [ -73.183873, 2.39253 ], [ -73.183477, 2.394661 ], [ -73.18294, 2.396196 ], [ -73.18268, 2.396669 ], [ -73.181889, 2.397405 ], [ -73.180544, 2.398307 ], [ -73.17754, 2.399514 ], [ -73.175061, 2.400637 ], [ -73.174034, 2.400968 ], [ -73.172961, 2.401055 ], [ -73.171343, 2.401032 ], [ -73.169194, 2.400861 ], [ -73.168148, 2.400599 ], [ -73.167147, 2.400196 ], [ -73.166184, 2.399708 ], [ -73.165322, 2.399059 ], [ -73.164975, 2.398645 ], [ -73.164707, 2.398174 ], [ -73.164292, 2.397173 ], [ -73.164046, 2.396118 ], [ -73.163999, 2.395578 ], [ -73.163978, 2.391781 ], [ -73.164166, 2.390168 ], [ -73.164802, 2.388095 ], [ -73.166178, 2.384559 ], [ -73.166703, 2.38302 ], [ -73.167066, 2.381434 ], [ -73.167484, 2.378754 ], [ -73.167858, 2.375522 ], [ -73.167875, 2.371183 ], [ -73.167742, 2.370109 ], [ -73.167291, 2.369127 ], [ -73.166069, 2.367342 ], [ -73.164853, 2.366268 ], [ -73.163986, 2.365624 ], [ -73.163502, 2.36539 ], [ -73.162435, 2.365239 ], [ -73.160324, 2.364795 ], [ -73.159572, 2.364776 ], [ -73.159593, 2.365075 ], [ -73.158687, 2.365075 ], [ -73.158682, 2.364843 ], [ -73.157908, 2.364946 ], [ -73.156865, 2.365219 ], [ -73.155857, 2.365605 ], [ -73.154892, 2.366089 ], [ -73.153543, 2.366985 ], [ -73.15273, 2.367698 ], [ -73.151316, 2.369336 ], [ -73.150147, 2.370459 ], [ -73.145929, 2.37384 ], [ -73.14394, 2.375671 ], [ -73.142696, 2.376712 ], [ -73.141805, 2.377321 ], [ -73.141312, 2.377539 ], [ -73.140791, 2.377679 ], [ -73.138659, 2.378016 ], [ -73.137046, 2.378066 ], [ -73.135975, 2.377932 ], [ -73.13439, 2.377607 ], [ -73.131839, 2.376737 ], [ -73.130776, 2.376558 ], [ -73.129968, 2.376546 ], [ -73.127839, 2.376887 ], [ -73.126796, 2.377162 ], [ -73.125785, 2.377537 ], [ -73.125311, 2.377796 ], [ -73.124439, 2.378433 ], [ -73.123751, 2.379264 ], [ -73.123483, 2.379735 ], [ -73.123135, 2.38076 ], [ -73.12296, 2.38183 ], [ -73.122969, 2.382371 ], [ -73.123097, 2.382898 ], [ -73.123518, 2.383896 ], [ -73.12403, 2.385438 ], [ -73.124646, 2.386326 ], [ -73.12539, 2.387112 ], [ -73.126651, 2.388127 ], [ -73.12807, 2.388909 ], [ -73.130524, 2.390033 ], [ -73.137995, 2.393153 ], [ -73.138924, 2.393705 ], [ -73.140213, 2.394687 ], [ -73.14059, 2.395075 ], [ -73.140845, 2.395547 ], [ -73.141275, 2.397116 ], [ -73.141334, 2.397654 ], [ -73.141273, 2.398737 ], [ -73.141082, 2.399804 ], [ -73.140799, 2.400851 ], [ -73.140593, 2.401352 ], [ -73.140053, 2.40229 ], [ -73.139415, 2.403165 ], [ -73.138347, 2.404387 ], [ -73.135981, 2.406607 ], [ -73.134298, 2.407963 ], [ -73.133202, 2.408668 ], [ -73.132242, 2.409163 ], [ -73.13174, 2.409358 ], [ -73.129657, 2.409918 ], [ -73.128281, 2.41077 ], [ -73.127785, 2.410981 ], [ -73.125159, 2.411597 ], [ -73.124091, 2.411726 ], [ -73.123027, 2.411569 ], [ -73.121566, 2.410876 ], [ -73.119736, 2.409728 ], [ -73.119339, 2.409361 ], [ -73.118645, 2.408532 ], [ -73.118139, 2.407578 ], [ -73.118021, 2.407049 ], [ -73.11779, 2.403803 ], [ -73.117199, 2.400605 ], [ -73.116067, 2.396987 ], [ -73.115652, 2.394858 ], [ -73.115104, 2.392759 ], [ -73.114705, 2.390077 ], [ -73.114326, 2.389065 ], [ -73.114224, 2.388537 ], [ -73.114382, 2.388021 ], [ -73.114871, 2.387055 ], [ -73.114987, 2.386526 ], [ -73.115095, 2.384902 ], [ -73.114771, 2.383311 ], [ -73.114413, 2.382288 ], [ -73.114134, 2.381825 ], [ -73.113699, 2.381509 ], [ -73.112155, 2.381033 ], [ -73.111085, 2.380916 ], [ -73.110553, 2.380999 ], [ -73.109564, 2.381424 ], [ -73.108685, 2.382051 ], [ -73.1083, 2.382431 ], [ -73.107381, 2.383767 ], [ -73.107108, 2.384235 ], [ -73.106462, 2.385726 ], [ -73.106125, 2.386148 ], [ -73.097795, 2.392146 ], [ -73.095719, 2.393876 ], [ -73.093771, 2.395751 ], [ -73.09268, 2.396953 ], [ -73.090666, 2.399501 ], [ -73.088537, 2.401951 ], [ -73.087351, 2.403762 ], [ -73.0849, 2.407976 ], [ -73.084238, 2.408832 ], [ -73.083476, 2.409599 ], [ -73.082226, 2.410631 ], [ -73.081334, 2.411241 ], [ -73.079391, 2.412181 ], [ -73.077856, 2.412697 ], [ -73.076861, 2.413114 ], [ -73.074996, 2.414203 ], [ -73.074138, 2.414859 ], [ -73.073754, 2.41524 ], [ -73.073133, 2.416125 ], [ -73.07246, 2.417602 ], [ -73.071982, 2.419717 ], [ -73.071028, 2.422838 ], [ -73.070505, 2.423785 ], [ -73.069537, 2.425085 ], [ -73.067574, 2.426471 ], [ -73.066533, 2.42698 ], [ -73.065307, 2.427148 ], [ -73.063823, 2.427241 ], [ -73.061885, 2.427138 ], [ -73.059209, 2.426356 ], [ -73.057375, 2.426232 ], [ -73.055809, 2.42635 ], [ -73.05369, 2.427356 ], [ -73.051179, 2.429213 ], [ -73.049519, 2.431071 ], [ -73.046968, 2.436543 ], [ -73.046274, 2.437272 ], [ -73.04523, 2.437923 ], [ -73.044168, 2.438085 ], [ -73.043089, 2.437958 ], [ -73.042046, 2.43745 ], [ -73.040572, 2.436291 ], [ -73.037924, 2.432898 ], [ -73.037051, 2.429015 ], [ -73.036628, 2.425758 ], [ -73.035949, 2.417958 ], [ -73.035619, 2.415908 ] ] ] } },
{ "type": "Feature", "properties": { "vid": 34, "nombre": "Tres Chorros" }, "geometry": { "type": "MultiPolygon", "coordinates": [ [ [ [ -73.633006, 2.288884 ], [ -73.633014, 2.308314 ], [ -73.632659, 2.306528 ], [ -73.632469, 2.304362 ], [ -73.632276, 2.303867 ], [ -73.631324, 2.302535 ], [ -73.628941, 2.299569 ], [ -73.628752, 2.299081 ], [ -73.628713, 2.298531 ], [ -73.628878, 2.297456 ], [ -73.629701, 2.294869 ], [ -73.630205, 2.293908 ], [ -73.631345, 2.292067 ], [ -73.633006, 2.288884 ] ] ], [ [ [ -73.633023, 2.328566 ], [ -73.633038, 2.362144 ], [ -73.632541, 2.361941 ], [ -73.63286, 2.360873 ], [ -73.633031, 2.359801 ], [ -73.632934, 2.358177 ], [ -73.632602, 2.356022 ], [ -73.632445, 2.355507 ], [ -73.631989, 2.354525 ], [ -73.631428, 2.353589 ], [ -73.630765, 2.352742 ], [ -73.629584, 2.351619 ], [ -73.628101, 2.350041 ], [ -73.627662, 2.349734 ], [ -73.626211, 2.348995 ], [ -73.625201, 2.348623 ], [ -73.621576, 2.347553 ], [ -73.619467, 2.347089 ], [ -73.618463, 2.346699 ], [ -73.616531, 2.345697 ], [ -73.616091, 2.345391 ], [ -73.61572, 2.345013 ], [ -73.61456, 2.343165 ], [ -73.614092, 2.34219 ], [ -73.613848, 2.341135 ], [ -73.614218, 2.338991 ], [ -73.614595, 2.337977 ], [ -73.615107, 2.337019 ], [ -73.615707, 2.336115 ], [ -73.616389, 2.335276 ], [ -73.618704, 2.332981 ], [ -73.619121, 2.332642 ], [ -73.620075, 2.332166 ], [ -73.62264, 2.33128 ], [ -73.623168, 2.331195 ], [ -73.62506, 2.331171 ], [ -73.628298, 2.331327 ], [ -73.629371, 2.331248 ], [ -73.629886, 2.331097 ], [ -73.630378, 2.330857 ], [ -73.631261, 2.330237 ], [ -73.633023, 2.328566 ] ] ] ] } },
{ "type": "Feature", "properties": { "vid": 35, "nombre": "Vista Hermosa" }, "geometry": { "type": "Polygon", "coordinates": [ [ [ -73.63308, 2.457798 ], [ -73.633117, 2.542953 ], [ -73.500101, 2.542984 ], [ -73.499706, 2.542178 ], [ -73.499166, 2.541951 ], [ -73.499168, 2.541641 ], [ -73.499476, 2.541197 ], [ -73.499601, 2.540871 ], [ -73.49959, 2.540341 ], [ -73.499448, 2.540181 ], [ -73.498998, 2.540308 ], [ -73.498773, 2.540163 ], [ -73.498636, 2.539823 ], [ -73.498558, 2.538776 ], [ -73.498377, 2.538596 ], [ -73.498025, 2.538468 ], [ -73.497929, 2.538339 ], [ -73.49793, 2.538112 ], [ -73.498033, 2.537904 ], [ -73.498238, 2.537741 ], [ -73.498742, 2.537669 ], [ -73.498996, 2.53756 ], [ -73.499912, 2.536935 ], [ -73.500392, 2.536913 ], [ -73.50048, 2.53656 ], [ -73.500849, 2.536648 ], [ -73.501083, 2.536195 ], [ -73.50138, 2.536085 ], [ -73.501645, 2.535865 ], [ -73.501953, 2.535801 ], [ -73.50206, 2.535456 ], [ -73.502198, 2.535325 ], [ -73.502762, 2.5352 ], [ -73.50352, 2.534726 ], [ -73.504044, 2.534266 ], [ -73.504356, 2.53381 ], [ -73.504728, 2.533631 ], [ -73.504853, 2.533451 ], [ -73.50482, 2.533141 ], [ -73.503985, 2.531439 ], [ -73.50371, 2.530202 ], [ -73.503576, 2.529921 ], [ -73.503371, 2.52975 ], [ -73.503078, 2.529714 ], [ -73.502905, 2.529608 ], [ -73.502676, 2.528986 ], [ -73.502206, 2.528591 ], [ -73.501903, 2.528481 ], [ -73.501221, 2.528444 ], [ -73.500775, 2.528283 ], [ -73.500636, 2.528121 ], [ -73.500636, 2.527741 ], [ -73.500992, 2.526654 ], [ -73.500996, 2.526196 ], [ -73.50109, 2.526074 ], [ -73.501375, 2.52597 ], [ -73.501507, 2.525845 ], [ -73.501685, 2.525151 ], [ -73.501838, 2.524893 ], [ -73.502393, 2.524491 ], [ -73.502848, 2.523948 ], [ -73.503525, 2.523782 ], [ -73.503749, 2.523635 ], [ -73.50398, 2.523304 ], [ -73.504254, 2.52237 ], [ -73.504435, 2.52211 ], [ -73.504803, 2.521905 ], [ -73.505233, 2.521791 ], [ -73.505847, 2.521807 ], [ -73.506154, 2.521954 ], [ -73.506607, 2.522375 ], [ -73.506861, 2.522454 ], [ -73.507892, 2.522127 ], [ -73.508516, 2.52206 ], [ -73.508629, 2.521836 ], [ -73.508516, 2.521491 ], [ -73.508551, 2.521308 ], [ -73.508718, 2.521125 ], [ -73.509241, 2.520785 ], [ -73.509335, 2.520645 ], [ -73.509212, 2.519996 ], [ -73.509219, 2.519643 ], [ -73.509376, 2.519369 ], [ -73.509598, 2.519219 ], [ -73.509961, 2.51924 ], [ -73.510392, 2.519571 ], [ -73.510714, 2.519659 ], [ -73.511423, 2.519266 ], [ -73.511662, 2.519254 ], [ -73.511768, 2.51942 ], [ -73.511566, 2.519984 ], [ -73.511668, 2.520149 ], [ -73.512228, 2.519857 ], [ -73.512509, 2.519881 ], [ -73.512562, 2.520019 ], [ -73.512525, 2.520813 ], [ -73.51244, 2.520992 ], [ -73.512115, 2.52132 ], [ -73.512017, 2.521559 ], [ -73.512076, 2.521773 ], [ -73.512259, 2.521846 ], [ -73.513533, 2.521798 ], [ -73.513725, 2.521119 ], [ -73.51425, 2.520448 ], [ -73.51438, 2.520415 ], [ -73.514491, 2.520691 ], [ -73.514663, 2.520613 ], [ -73.514882, 2.519637 ], [ -73.514825, 2.519092 ], [ -73.51464, 2.518783 ], [ -73.51434, 2.518611 ], [ -73.51387, 2.518539 ], [ -73.513565, 2.518414 ], [ -73.5133, 2.518191 ], [ -73.513233, 2.518018 ], [ -73.513263, 2.517823 ], [ -73.513398, 2.517661 ], [ -73.513971, 2.51746 ], [ -73.51399, 2.517346 ], [ -73.513842, 2.517064 ], [ -73.513868, 2.516862 ], [ -73.514446, 2.516416 ], [ -73.51466, 2.516039 ], [ -73.51464, 2.515835 ], [ -73.51429, 2.515306 ], [ -73.513567, 2.514613 ], [ -73.513329, 2.514495 ], [ -73.513123, 2.514636 ], [ -73.512785, 2.51524 ], [ -73.512615, 2.515339 ], [ -73.512482, 2.515316 ], [ -73.512403, 2.515157 ], [ -73.512491, 2.514696 ], [ -73.512433, 2.5145 ], [ -73.511998, 2.514392 ], [ -73.511734, 2.514237 ], [ -73.510015, 2.512426 ], [ -73.509769, 2.511804 ], [ -73.509432, 2.511369 ], [ -73.509318, 2.511092 ], [ -73.50938, 2.510994 ], [ -73.50951, 2.510986 ], [ -73.510262, 2.511407 ], [ -73.510529, 2.511403 ], [ -73.510646, 2.511215 ], [ -73.510659, 2.510952 ], [ -73.510563, 2.510335 ], [ -73.510393, 2.510114 ], [ -73.509764, 2.509789 ], [ -73.50809, 2.508655 ], [ -73.50764, 2.508515 ], [ -73.506914, 2.508447 ], [ -73.506184, 2.508275 ], [ -73.505313, 2.508376 ], [ -73.504796, 2.508167 ], [ -73.50465, 2.507879 ], [ -73.504612, 2.507251 ], [ -73.504186, 2.50683 ], [ -73.503934, 2.50647 ], [ -73.503525, 2.505139 ], [ -73.503106, 2.504842 ], [ -73.502941, 2.504574 ], [ -73.502936, 2.504315 ], [ -73.503236, 2.503422 ], [ -73.503171, 2.503069 ], [ -73.502703, 2.502801 ], [ -73.501954, 2.502622 ], [ -73.501473, 2.502704 ], [ -73.501334, 2.502591 ], [ -73.501328, 2.502162 ], [ -73.501561, 2.501645 ], [ -73.501657, 2.501227 ], [ -73.505528, 2.50041 ], [ -73.509682, 2.4987 ], [ -73.513677, 2.496436 ], [ -73.521666, 2.492231 ], [ -73.52977, 2.488026 ], [ -73.537943, 2.484006 ], [ -73.542052, 2.482042 ], [ -73.546275, 2.480332 ], [ -73.550545, 2.478391 ], [ -73.554837, 2.476912 ], [ -73.567873, 2.472728 ], [ -73.572372, 2.47141 ], [ -73.576846, 2.470669 ], [ -73.581367, 2.469513 ], [ -73.585819, 2.46861 ], [ -73.59034, 2.467477 ], [ -73.594883, 2.466783 ], [ -73.599426, 2.465972 ], [ -73.604015, 2.465716 ], [ -73.608581, 2.465645 ], [ -73.613123, 2.46585 ], [ -73.617574, 2.46504 ], [ -73.626182, 2.461643 ], [ -73.630268, 2.459701 ], [ -73.63308, 2.457798 ] ] ] } },
{ "type": "Feature", "properties": { "vid": 36, "nombre": "Yarumales" }, "geometry": { "type": "Polygon", "coordinates": [ [ [ -73.632994, 2.263357 ], [ -73.633006, 2.288884 ], [ -73.631345, 2.292067 ], [ -73.630205, 2.293908 ], [ -73.629701, 2.294869 ], [ -73.628878, 2.297456 ], [ -73.628713, 2.298531 ], [ -73.628752, 2.299081 ], [ -73.628941, 2.299569 ], [ -73.631969, 2.30341 ], [ -73.632276, 2.303867 ], [ -73.632469, 2.304362 ], [ -73.632552, 2.304891 ], [ -73.632659, 2.306528 ], [ -73.633014, 2.308314 ], [ -73.633023, 2.328566 ], [ -73.631261, 2.330237 ], [ -73.630378, 2.330857 ], [ -73.629886, 2.331097 ], [ -73.629371, 2.331248 ], [ -73.628298, 2.331327 ], [ -73.62452, 2.331158 ], [ -73.623168, 2.331195 ], [ -73.62264, 2.33128 ], [ -73.61958, 2.332376 ], [ -73.618704, 2.332981 ], [ -73.617437, 2.334228 ], [ -73.617352, 2.32586 ], [ -73.614856, 2.32301 ], [ -73.607013, 2.32301 ], [ -73.603804, 2.321585 ], [ -73.599169, 2.312323 ], [ -73.592039, 2.30128 ], [ -73.585622, 2.295936 ], [ -73.595248, 2.293443 ], [ -73.603091, 2.285606 ], [ -73.6063, 2.274919 ], [ -73.609509, 2.264588 ], [ -73.613074, 2.254257 ], [ -73.615213, 2.249269 ], [ -73.621987, 2.239294 ], [ -73.626978, 2.236801 ], [ -73.625908, 2.250694 ], [ -73.628048, 2.256394 ], [ -73.62983, 2.258531 ], [ -73.632994, 2.263357 ] ] ] } }
]
}
